game,agent_0,agent_1,winner,points_j0,points_j1,points_lost_j0,points_lost_j1,hands_played,hands_won_j0,hands_won_j1
1,q_learning,sb3,J0,30,26,26,30,18,10,8
2,q_learning,sb3,J0,30,26,26,30,19,10,9
3,q_learning,sb3,J1,29,30,30,29,19,10,9
4,q_learning,sb3,J1,16,30,30,16,18,9,9
5,q_learning,sb3,J1,21,30,30,21,17,10,7
6,q_learning,sb3,J1,22,30,30,22,17,8,9
7,q_learning,sb3,J0,30,26,26,30,17,9,8
8,q_learning,sb3,J1,15,30,30,15,15,5,10
9,q_learning,sb3,J0,30,28,28,30,20,9,11
10,q_learning,sb3,J1,29,30,30,29,22,13,9
11,q_learning,sb3,J0,30,21,21,30,18,14,4
12,q_learning,sb3,J1,26,30,30,26,20,12,8
13,q_learning,sb3,J1,9,30,30,9,13,5,8
14,q_learning,sb3,J1,20,30,30,20,18,12,6
15,q_learning,sb3,J1,22,30,30,22,15,8,7
16,q_learning,sb3,J0,30,28,28,30,21,11,10
17,q_learning,sb3,J0,30,28,28,30,22,13,9
18,q_learning,sb3,J1,17,30,30,17,19,9,10
19,q_learning,sb3,J1,25,30,30,25,18,10,8
20,q_learning,sb3,J0,30,16,16,30,17,11,6
21,q_learning,sb3,J0,30,26,26,30,18,13,5
22,q_learning,sb3,J0,30,26,26,30,19,11,8
23,q_learning,sb3,J0,30,26,26,30,22,13,9
24,q_learning,sb3,J1,12,30,30,12,13,4,9
25,q_learning,sb3,J0,30,27,27,30,22,15,7
26,q_learning,sb3,J0,30,27,27,30,22,13,9
27,q_learning,sb3,J0,30,27,27,30,22,15,7
28,q_learning,sb3,J1,20,30,30,20,17,9,8
29,q_learning,sb3,J0,30,22,22,30,17,10,7
30,q_learning,sb3,J0,30,27,27,30,20,13,7
31,q_learning,sb3,J1,18,30,30,18,15,9,6
32,q_learning,sb3,J0,30,21,21,30,18,12,6
33,q_learning,sb3,J1,12,30,30,12,14,5,9
34,q_learning,sb3,J1,20,30,30,20,18,11,7
35,q_learning,sb3,J1,23,30,30,23,19,10,9
36,q_learning,sb3,J1,15,30,30,15,16,8,8
37,q_learning,sb3,J0,30,22,22,30,19,14,5
38,q_learning,sb3,J1,28,30,30,28,18,11,7
39,q_learning,sb3,J0,30,27,27,30,22,11,11
40,q_learning,sb3,J1,18,30,30,18,16,8,8
41,q_learning,sb3,J0,30,24,24,30,21,16,5
42,q_learning,sb3,J0,30,18,18,30,17,10,7
43,q_learning,sb3,J1,26,30,30,26,17,8,9
44,q_learning,sb3,J1,14,30,30,14,14,5,9
45,q_learning,sb3,J1,26,30,30,26,18,7,11
46,q_learning,sb3,J0,30,26,26,30,19,8,11
47,q_learning,sb3,J1,21,30,30,21,18,10,8
48,q_learning,sb3,J1,23,30,30,23,16,8,8
49,q_learning,sb3,J0,30,23,23,30,19,11,8
50,q_learning,sb3,J1,27,30,30,27,21,13,8
51,q_learning,sb3,J0,30,27,27,30,21,11,10
52,q_learning,sb3,J0,30,26,26,30,19,12,7
53,q_learning,sb3,J1,22,30,30,22,19,6,13
54,q_learning,sb3,J1,22,30,30,22,17,10,7
55,q_learning,sb3,J1,16,30,30,16,17,11,6
56,q_learning,sb3,J1,19,30,30,19,17,8,9
57,q_learning,sb3,J0,30,27,27,30,21,10,11
58,q_learning,sb3,J1,14,30,30,14,15,6,9
59,q_learning,sb3,J1,19,30,30,19,14,7,7
60,q_learning,sb3,J0,30,27,27,30,20,10,10
61,q_learning,sb3,J0,30,29,29,30,22,12,10
62,q_learning,sb3,J0,30,25,25,30,19,12,7
63,q_learning,sb3,J1,17,30,30,17,17,8,9
64,q_learning,sb3,J1,29,30,30,29,19,11,8
65,q_learning,sb3,J0,30,26,26,30,22,16,6
66,q_learning,sb3,J0,30,25,25,30,22,15,7
67,q_learning,sb3,J0,30,26,26,30,19,8,11
68,q_learning,sb3,J0,30,26,26,30,19,8,11
69,q_learning,sb3,J1,21,30,30,21,17,9,8
70,q_learning,sb3,J0,30,28,28,30,20,12,8
71,q_learning,sb3,J1,23,30,30,23,16,8,8
72,q_learning,sb3,J1,14,30,30,14,16,8,8
73,q_learning,sb3,J1,29,30,30,29,18,14,4
74,q_learning,sb3,J0,30,25,25,30,20,14,6
75,q_learning,sb3,J0,30,15,15,30,16,12,4
76,q_learning,sb3,J0,30,28,28,30,21,11,10
77,q_learning,sb3,J1,13,30,30,13,16,8,8
78,q_learning,sb3,J0,30,26,26,30,22,12,10
79,q_learning,sb3,J1,19,30,30,19,18,9,9
80,q_learning,sb3,J0,30,26,26,30,18,9,9
81,q_learning,sb3,J0,30,29,29,30,20,11,9
82,q_learning,sb3,J1,23,30,30,23,17,6,11
83,q_learning,sb3,J0,30,25,25,30,19,10,9
84,q_learning,sb3,J0,30,26,26,30,22,14,8
85,q_learning,sb3,J1,16,30,30,16,16,7,9
86,q_learning,sb3,J0,30,23,23,30,19,11,8
87,q_learning,sb3,J0,30,28,28,30,19,9,10
88,q_learning,sb3,J0,30,27,27,30,18,8,10
89,q_learning,sb3,J0,30,17,17,30,13,8,5
90,q_learning,sb3,J0,30,18,18,30,16,9,7
91,q_learning,sb3,J0,30,28,28,30,19,11,8
92,q_learning,sb3,J1,11,30,30,11,15,5,10
93,q_learning,sb3,J1,23,30,30,23,19,9,10
94,q_learning,sb3,J1,18,30,30,18,15,8,7
95,q_learning,sb3,J0,30,14,14,30,16,13,3
96,q_learning,sb3,J1,13,30,30,13,16,5,11
97,q_learning,sb3,J1,21,30,30,21,19,8,11
98,q_learning,sb3,J1,27,30,30,27,16,8,8
99,q_learning,sb3,J0,30,26,26,30,20,11,9
100,q_learning,sb3,J0,30,22,22,30,19,11,8
101,q_learning,sb3,J0,30,29,29,30,20,11,9
102,q_learning,sb3,J0,30,23,23,30,17,12,5
103,q_learning,sb3,J1,27,30,30,27,18,7,11
104,q_learning,sb3,J1,17,30,30,17,15,7,8
105,q_learning,sb3,J1,15,30,30,15,16,9,7
106,q_learning,sb3,J1,24,30,30,24,18,11,7
107,q_learning,sb3,J1,19,30,30,19,17,10,7
108,q_learning,sb3,J0,30,27,27,30,21,14,7
109,q_learning,sb3,J1,28,30,30,28,21,12,9
110,q_learning,sb3,J1,18,30,30,18,19,7,12
111,q_learning,sb3,J1,17,30,30,17,14,4,10
112,q_learning,sb3,J1,25,30,30,25,19,9,10
113,q_learning,sb3,J1,23,30,30,23,17,8,9
114,q_learning,sb3,J0,30,29,29,30,22,15,7
115,q_learning,sb3,J0,30,26,26,30,20,12,8
116,q_learning,sb3,J1,28,30,30,28,22,15,7
117,q_learning,sb3,J1,24,30,30,24,20,12,8
118,q_learning,sb3,J0,30,26,26,30,22,12,10
119,q_learning,sb3,J0,30,28,28,30,19,11,8
120,q_learning,sb3,J1,29,30,30,29,20,10,10
121,q_learning,sb3,J0,30,27,27,30,21,11,10
122,q_learning,sb3,J0,30,23,23,30,18,11,7
123,q_learning,sb3,J1,21,30,30,21,20,12,8
124,q_learning,sb3,J0,30,26,26,30,20,12,8
125,q_learning,sb3,J1,26,30,30,26,16,9,7
126,q_learning,sb3,J1,19,30,30,19,16,6,10
127,q_learning,sb3,J0,30,28,28,30,20,10,10
128,q_learning,sb3,J0,30,26,26,30,19,10,9
129,q_learning,sb3,J0,30,15,15,30,14,9,5
130,q_learning,sb3,J0,30,26,26,30,23,15,8
131,q_learning,sb3,J1,20,30,30,20,18,8,10
132,q_learning,sb3,J0,30,26,26,30,19,11,8
133,q_learning,sb3,J0,30,28,28,30,19,10,9
134,q_learning,sb3,J0,30,27,27,30,20,13,7
135,q_learning,sb3,J1,25,30,30,25,17,10,7
136,q_learning,sb3,J0,30,26,26,30,20,13,7
137,q_learning,sb3,J0,30,26,26,30,21,13,8
138,q_learning,sb3,J0,30,26,26,30,17,9,8
139,q_learning,sb3,J1,17,30,30,17,16,5,11
140,q_learning,sb3,J0,30,26,26,30,22,11,11
141,q_learning,sb3,J0,30,27,27,30,23,15,8
142,q_learning,sb3,J0,30,27,27,30,18,11,7
143,q_learning,sb3,J1,12,30,30,12,13,6,7
144,q_learning,sb3,J1,21,30,30,21,16,4,12
145,q_learning,sb3,J1,26,30,30,26,17,8,9
146,q_learning,sb3,J0,30,26,26,30,19,10,9
147,q_learning,sb3,J1,27,30,30,27,19,10,9
148,q_learning,sb3,J1,14,30,30,14,13,5,8
149,q_learning,sb3,J0,30,16,16,30,14,8,6
150,q_learning,sb3,J1,27,30,30,27,19,9,10
151,q_learning,sb3,J1,13,30,30,13,15,5,10
152,q_learning,sb3,J1,22,30,30,22,16,9,7
153,q_learning,sb3,J1,26,30,30,26,20,7,13
154,q_learning,sb3,J0,30,16,16,30,16,12,4
155,q_learning,sb3,J1,28,30,30,28,21,13,8
156,q_learning,sb3,J0,30,26,26,30,20,7,13
157,q_learning,sb3,J1,26,30,30,26,17,11,6
158,q_learning,sb3,J1,22,30,30,22,19,12,7
159,q_learning,sb3,J1,25,30,30,25,18,7,11
160,q_learning,sb3,J0,30,28,28,30,21,13,8
161,q_learning,sb3,J0,30,26,26,30,21,13,8
162,q_learning,sb3,J1,22,30,30,22,18,9,9
163,q_learning,sb3,J1,12,30,30,12,14,3,11
164,q_learning,sb3,J1,15,30,30,15,12,4,8
165,q_learning,sb3,J1,14,30,30,14,14,4,10
166,q_learning,sb3,J0,30,29,29,30,21,13,8
167,q_learning,sb3,J0,30,26,26,30,21,13,8
168,q_learning,sb3,J1,20,30,30,20,18,9,9
169,q_learning,sb3,J0,30,26,26,30,21,13,8
170,q_learning,sb3,J1,15,30,30,15,14,6,8
171,q_learning,sb3,J1,24,30,30,24,20,14,6
172,q_learning,sb3,J0,30,26,26,30,20,13,7
173,q_learning,sb3,J0,30,28,28,30,20,12,8
174,q_learning,sb3,J1,22,30,30,22,17,8,9
175,q_learning,sb3,J0,30,26,26,30,19,11,8
176,q_learning,sb3,J1,13,30,30,13,14,7,7
177,q_learning,sb3,J0,30,20,20,30,17,12,5
178,q_learning,sb3,J0,30,22,22,30,18,14,4
179,q_learning,sb3,J1,18,30,30,18,17,8,9
180,q_learning,sb3,J1,24,30,30,24,21,12,9
181,q_learning,sb3,J1,28,30,30,28,21,10,11
182,q_learning,sb3,J0,30,26,26,30,21,11,10
183,q_learning,sb3,J0,30,26,26,30,19,11,8
184,q_learning,sb3,J0,30,25,25,30,22,16,6
185,q_learning,sb3,J1,27,30,30,27,22,11,11
186,q_learning,sb3,J0,30,28,28,30,22,10,12
187,q_learning,sb3,J0,30,26,26,30,20,12,8
188,q_learning,sb3,J1,11,30,30,11,14,6,8
189,q_learning,sb3,J1,27,30,30,27,18,10,8
190,q_learning,sb3,J0,30,22,22,30,19,12,7
191,q_learning,sb3,J1,26,30,30,26,19,7,12
192,q_learning,sb3,J1,22,30,30,22,20,13,7
193,q_learning,sb3,J1,16,30,30,16,16,10,6
194,q_learning,sb3,J0,30,22,22,30,21,16,5
195,q_learning,sb3,J1,29,30,30,29,19,9,10
196,q_learning,sb3,J1,22,30,30,22,19,12,7
197,q_learning,sb3,J0,30,24,24,30,20,15,5
198,q_learning,sb3,J0,30,19,19,30,15,13,2
199,q_learning,sb3,J0,30,20,20,30,17,12,5
200,q_learning,sb3,J0,30,26,26,30,20,11,9
201,q_learning,sb3,J1,21,30,30,21,17,8,9
202,q_learning,sb3,J1,19,30,30,19,17,9,8
203,q_learning,sb3,J1,22,30,30,22,19,8,11
204,q_learning,sb3,J0,30,23,23,30,20,13,7
205,q_learning,sb3,J1,20,30,30,20,17,10,7
206,q_learning,sb3,J0,30,27,27,30,16,7,9
207,q_learning,sb3,J1,24,30,30,24,21,13,8
208,q_learning,sb3,J1,22,30,30,22,19,7,12
209,q_learning,sb3,J0,30,28,28,30,18,10,8
210,q_learning,sb3,J0,30,26,26,30,20,10,10
211,q_learning,sb3,J1,21,30,30,21,17,9,8
212,q_learning,sb3,J0,30,20,20,30,18,11,7
213,q_learning,sb3,J1,17,30,30,17,17,9,8
214,q_learning,sb3,J0,30,23,23,30,17,11,6
215,q_learning,sb3,J1,22,30,30,22,18,10,8
216,q_learning,sb3,J0,30,27,27,30,19,10,9
217,q_learning,sb3,J1,22,30,30,22,17,10,7
218,q_learning,sb3,J1,22,30,30,22,20,11,9
219,q_learning,sb3,J0,30,26,26,30,21,15,6
220,q_learning,sb3,J1,18,30,30,18,16,7,9
221,q_learning,sb3,J1,25,30,30,25,19,10,9
222,q_learning,sb3,J1,21,30,30,21,17,7,10
223,q_learning,sb3,J0,30,26,26,30,20,12,8
224,q_learning,sb3,J1,28,30,30,28,21,14,7
225,q_learning,sb3,J0,30,12,12,30,11,8,3
226,q_learning,sb3,J0,30,21,21,30,16,12,4
227,q_learning,sb3,J1,23,30,30,23,20,10,10
228,q_learning,sb3,J0,30,23,23,30,19,12,7
229,q_learning,sb3,J0,30,22,22,30,18,12,6
230,q_learning,sb3,J1,18,30,30,18,18,8,10
231,q_learning,sb3,J1,25,30,30,25,18,8,10
232,q_learning,sb3,J1,29,30,30,29,21,8,13
233,q_learning,sb3,J1,22,30,30,22,18,11,7
234,q_learning,sb3,J1,20,30,30,20,19,8,11
235,q_learning,sb3,J1,17,30,30,17,18,9,9
236,q_learning,sb3,J1,20,30,30,20,18,10,8
237,q_learning,sb3,J1,9,30,30,9,13,4,9
238,q_learning,sb3,J0,30,29,29,30,20,12,8
239,q_learning,sb3,J1,27,30,30,27,19,9,10
240,q_learning,sb3,J1,25,30,30,25,16,6,10
241,q_learning,sb3,J0,30,27,27,30,20,16,4
242,q_learning,sb3,J1,28,30,30,28,20,9,11
243,q_learning,sb3,J0,30,26,26,30,20,11,9
244,q_learning,sb3,J1,10,30,30,10,15,3,12
245,q_learning,sb3,J0,30,29,29,30,21,12,9
246,q_learning,sb3,J0,30,27,27,30,22,10,12
247,q_learning,sb3,J1,27,30,30,27,19,12,7
248,q_learning,sb3,J0,30,26,26,30,19,12,7
249,q_learning,sb3,J1,23,30,30,23,18,8,10
250,q_learning,sb3,J0,30,28,28,30,20,14,6
251,q_learning,sb3,J0,30,26,26,30,19,11,8
252,q_learning,sb3,J1,17,30,30,17,16,8,8
253,q_learning,sb3,J1,15,30,30,15,15,7,8
254,q_learning,sb3,J0,30,26,26,30,20,11,9
255,q_learning,sb3,J1,27,30,30,27,17,10,7
256,q_learning,sb3,J0,30,25,25,30,20,8,12
257,q_learning,sb3,J0,30,26,26,30,20,13,7
258,q_learning,sb3,J1,16,30,30,16,16,10,6
259,q_learning,sb3,J0,30,26,26,30,20,11,9
260,q_learning,sb3,J1,21,30,30,21,18,11,7
261,q_learning,sb3,J0,30,29,29,30,20,9,11
262,q_learning,sb3,J0,30,13,13,30,13,11,2
263,q_learning,sb3,J0,30,27,27,30,19,9,10
264,q_learning,sb3,J1,27,30,30,27,19,11,8
265,q_learning,sb3,J0,30,29,29,30,22,12,10
266,q_learning,sb3,J0,30,26,26,30,19,11,8
267,q_learning,sb3,J0,30,26,26,30,20,10,10
268,q_learning,sb3,J1,26,30,30,26,17,4,13
269,q_learning,sb3,J0,30,26,26,30,21,14,7
270,q_learning,sb3,J0,30,27,27,30,21,12,9
271,q_learning,sb3,J1,29,30,30,29,19,11,8
272,q_learning,sb3,J1,25,30,30,25,20,13,7
273,q_learning,sb3,J0,30,26,26,30,22,14,8
274,q_learning,sb3,J0,30,29,29,30,20,10,10
275,q_learning,sb3,J1,29,30,30,29,21,12,9
276,q_learning,sb3,J0,30,29,29,30,17,9,8
277,q_learning,sb3,J1,22,30,30,22,16,9,7
278,q_learning,sb3,J1,24,30,30,24,16,7,9
279,q_learning,sb3,J1,20,30,30,20,17,6,11
280,q_learning,sb3,J1,22,30,30,22,17,9,8
281,q_learning,sb3,J1,23,30,30,23,20,10,10
282,q_learning,sb3,J1,6,30,30,6,12,4,8
283,q_learning,sb3,J1,25,30,30,25,21,8,13
284,q_learning,sb3,J0,30,28,28,30,22,14,8
285,q_learning,sb3,J1,29,30,30,29,20,14,6
286,q_learning,sb3,J1,24,30,30,24,21,10,11
287,q_learning,sb3,J1,6,30,30,6,10,3,7
288,q_learning,sb3,J1,15,30,30,15,16,10,6
289,q_learning,sb3,J0,30,23,23,30,19,10,9
290,q_learning,sb3,J1,17,30,30,17,16,8,8
291,q_learning,sb3,J1,16,30,30,16,18,8,10
292,q_learning,sb3,J1,13,30,30,13,14,5,9
293,q_learning,sb3,J1,16,30,30,16,17,6,11
294,q_learning,sb3,J1,28,30,30,28,23,17,6
295,q_learning,sb3,J0,30,26,26,30,19,8,11
296,q_learning,sb3,J0,30,22,22,30,16,11,5
297,q_learning,sb3,J1,26,30,30,26,19,8,11
298,q_learning,sb3,J0,30,26,26,30,22,12,10
299,q_learning,sb3,J1,23,30,30,23,19,11,8
300,q_learning,sb3,J1,20,30,30,20,18,9,9
301,q_learning,sb3,J0,30,27,27,30,19,12,7
302,q_learning,sb3,J1,20,30,30,20,18,8,10
303,q_learning,sb3,J1,25,30,30,25,17,10,7
304,q_learning,sb3,J0,30,27,27,30,21,13,8
305,q_learning,sb3,J0,30,29,29,30,21,13,8
306,q_learning,sb3,J0,30,27,27,30,21,12,9
307,q_learning,sb3,J1,23,30,30,23,18,8,10
308,q_learning,sb3,J0,30,28,28,30,20,10,10
309,q_learning,sb3,J1,14,30,30,14,17,9,8
310,q_learning,sb3,J0,30,25,25,30,20,12,8
311,q_learning,sb3,J1,26,30,30,26,19,7,12
312,q_learning,sb3,J1,27,30,30,27,21,11,10
313,q_learning,sb3,J1,22,30,30,22,19,11,8
314,q_learning,sb3,J1,29,30,30,29,21,12,9
315,q_learning,sb3,J1,25,30,30,25,17,10,7
316,q_learning,sb3,J1,9,30,30,9,12,2,10
317,q_learning,sb3,J0,30,25,25,30,21,13,8
318,q_learning,sb3,J1,14,30,30,14,14,5,9
319,q_learning,sb3,J1,26,30,30,26,17,7,10
320,q_learning,sb3,J1,26,30,30,26,19,11,8
321,q_learning,sb3,J1,27,30,30,27,18,10,8
322,q_learning,sb3,J1,21,30,30,21,17,6,11
323,q_learning,sb3,J1,22,30,30,22,17,8,9
324,q_learning,sb3,J1,29,30,30,29,23,15,8
325,q_learning,sb3,J0,30,26,26,30,22,13,9
326,q_learning,sb3,J0,30,22,22,30,20,15,5
327,q_learning,sb3,J0,30,24,24,30,17,9,8
328,q_learning,sb3,J0,30,24,24,30,18,9,9
329,q_learning,sb3,J0,30,27,27,30,20,13,7
330,q_learning,sb3,J1,18,30,30,18,16,7,9
331,q_learning,sb3,J1,27,30,30,27,19,6,13
332,q_learning,sb3,J0,30,16,16,30,13,10,3
333,q_learning,sb3,J1,17,30,30,17,17,7,10
334,q_learning,sb3,J1,22,30,30,22,17,12,5
335,q_learning,sb3,J1,18,30,30,18,18,8,10
336,q_learning,sb3,J1,9,30,30,9,12,3,9
337,q_learning,sb3,J1,20,30,30,20,15,8,7
338,q_learning,sb3,J1,12,30,30,12,15,7,8
339,q_learning,sb3,J1,20,30,30,20,16,8,8
340,q_learning,sb3,J0,30,24,24,30,17,10,7
341,q_learning,sb3,J0,30,20,20,30,18,10,8
342,q_learning,sb3,J0,30,28,28,30,22,15,7
343,q_learning,sb3,J0,30,28,28,30,21,14,7
344,q_learning,sb3,J1,17,30,30,17,19,9,10
345,q_learning,sb3,J0,30,27,27,30,21,10,11
346,q_learning,sb3,J0,30,18,18,30,16,10,6
347,q_learning,sb3,J0,30,28,28,30,20,10,10
348,q_learning,sb3,J1,14,30,30,14,15,5,10
349,q_learning,sb3,J0,30,28,28,30,20,13,7
350,q_learning,sb3,J1,16,30,30,16,18,10,8
351,q_learning,sb3,J0,30,26,26,30,20,10,10
352,q_learning,sb3,J1,17,30,30,17,15,8,7
353,q_learning,sb3,J1,12,30,30,12,15,7,8
354,q_learning,sb3,J0,30,28,28,30,16,9,7
355,q_learning,sb3,J0,30,23,23,30,18,11,7
356,q_learning,sb3,J1,8,30,30,8,14,2,12
357,q_learning,sb3,J1,12,30,30,12,14,5,9
358,q_learning,sb3,J0,30,28,28,30,18,10,8
359,q_learning,sb3,J1,22,30,30,22,18,10,8
360,q_learning,sb3,J1,25,30,30,25,20,12,8
361,q_learning,sb3,J0,30,26,26,30,21,12,9
362,q_learning,sb3,J0,30,26,26,30,21,13,8
363,q_learning,sb3,J0,30,23,23,30,20,15,5
364,q_learning,sb3,J1,25,30,30,25,19,8,11
365,q_learning,sb3,J0,30,18,18,30,17,10,7
366,q_learning,sb3,J1,19,30,30,19,17,8,9
367,q_learning,sb3,J0,30,29,29,30,20,11,9
368,q_learning,sb3,J0,30,28,28,30,22,12,10
369,q_learning,sb3,J0,30,26,26,30,19,11,8
370,q_learning,sb3,J0,30,14,14,30,15,11,4
371,q_learning,sb3,J0,30,26,26,30,18,11,7
372,q_learning,sb3,J0,30,18,18,30,16,9,7
373,q_learning,sb3,J0,30,29,29,30,20,10,10
374,q_learning,sb3,J1,26,30,30,26,18,8,10
375,q_learning,sb3,J0,30,25,25,30,18,11,7
376,q_learning,sb3,J0,30,19,19,30,17,11,6
377,q_learning,sb3,J0,30,29,29,30,19,12,7
378,q_learning,sb3,J1,19,30,30,19,15,5,10
379,q_learning,sb3,J0,30,15,15,30,14,11,3
380,q_learning,sb3,J1,14,30,30,14,17,9,8
381,q_learning,sb3,J0,30,26,26,30,20,14,6
382,q_learning,sb3,J1,23,30,30,23,19,11,8
383,q_learning,sb3,J1,27,30,30,27,20,12,8
384,q_learning,sb3,J1,19,30,30,19,17,6,11
385,q_learning,sb3,J1,18,30,30,18,16,9,7
386,q_learning,sb3,J1,20,30,30,20,17,9,8
387,q_learning,sb3,J1,28,30,30,28,20,13,7
388,q_learning,sb3,J0,30,27,27,30,22,12,10
389,q_learning,sb3,J0,30,26,26,30,20,13,7
390,q_learning,sb3,J0,30,18,18,30,14,9,5
391,q_learning,sb3,J0,30,26,26,30,21,12,9
392,q_learning,sb3,J1,24,30,30,24,19,10,9
393,q_learning,sb3,J1,24,30,30,24,22,11,11
394,q_learning,sb3,J0,30,26,26,30,21,11,10
395,q_learning,sb3,J0,30,29,29,30,20,10,10
396,q_learning,sb3,J1,23,30,30,23,17,11,6
397,q_learning,sb3,J1,25,30,30,25,19,13,6
398,q_learning,sb3,J1,27,30,30,27,20,12,8
399,q_learning,sb3,J1,16,30,30,16,15,6,9
400,q_learning,sb3,J0,30,20,20,30,20,15,5
401,q_learning,sb3,J1,23,30,30,23,20,9,11
402,q_learning,sb3,J1,26,30,30,26,20,13,7
403,q_learning,sb3,J0,30,24,24,30,18,12,6
404,q_learning,sb3,J1,20,30,30,20,16,6,10
405,q_learning,sb3,J0,30,21,21,30,20,10,10
406,q_learning,sb3,J1,22,30,30,22,18,10,8
407,q_learning,sb3,J1,8,30,30,8,12,3,9
408,q_learning,sb3,J1,23,30,30,23,18,11,7
409,q_learning,sb3,J1,19,30,30,19,16,10,6
410,q_learning,sb3,J1,27,30,30,27,21,12,9
411,q_learning,sb3,J0,30,22,22,30,17,10,7
412,q_learning,sb3,J0,30,23,23,30,20,11,9
413,q_learning,sb3,J0,30,26,26,30,20,12,8
414,q_learning,sb3,J0,30,26,26,30,19,10,9
415,q_learning,sb3,J0,30,28,28,30,22,12,10
416,q_learning,sb3,J1,14,30,30,14,15,7,8
417,q_learning,sb3,J0,30,28,28,30,21,10,11
418,q_learning,sb3,J1,25,30,30,25,21,11,10
419,q_learning,sb3,J0,30,25,25,30,17,10,7
420,q_learning,sb3,J1,16,30,30,16,16,7,9
421,q_learning,sb3,J0,30,24,24,30,21,14,7
422,q_learning,sb3,J0,30,28,28,30,19,8,11
423,q_learning,sb3,J1,24,30,30,24,19,10,9
424,q_learning,sb3,J0,30,26,26,30,19,12,7
425,q_learning,sb3,J0,30,26,26,30,23,16,7
426,q_learning,sb3,J1,20,30,30,20,17,8,9
427,q_learning,sb3,J1,29,30,30,29,22,12,10
428,q_learning,sb3,J0,30,11,11,30,16,12,4
429,q_learning,sb3,J1,25,30,30,25,19,8,11
430,q_learning,sb3,J1,29,30,30,29,18,9,9
431,q_learning,sb3,J0,30,28,28,30,20,10,10
432,q_learning,sb3,J1,24,30,30,24,19,11,8
433,q_learning,sb3,J1,24,30,30,24,19,10,9
434,q_learning,sb3,J0,30,26,26,30,20,11,9
435,q_learning,sb3,J1,25,30,30,25,20,11,9
436,q_learning,sb3,J0,30,28,28,30,21,10,11
437,q_learning,sb3,J0,30,26,26,30,21,16,5
438,q_learning,sb3,J1,16,30,30,16,18,8,10
439,q_learning,sb3,J1,17,30,30,17,17,10,7
440,q_learning,sb3,J0,30,26,26,30,22,13,9
441,q_learning,sb3,J1,29,30,30,29,18,11,7
442,q_learning,sb3,J0,30,26,26,30,19,9,10
443,q_learning,sb3,J1,23,30,30,23,18,12,6
444,q_learning,sb3,J1,28,30,30,28,19,12,7
445,q_learning,sb3,J0,30,28,28,30,18,10,8
446,q_learning,sb3,J1,20,30,30,20,20,10,10
447,q_learning,sb3,J1,18,30,30,18,19,9,10
448,q_learning,sb3,J1,29,30,30,29,19,9,10
449,q_learning,sb3,J1,24,30,30,24,18,9,9
450,q_learning,sb3,J0,30,23,23,30,18,12,6
451,q_learning,sb3,J0,30,7,7,30,12,10,2
452,q_learning,sb3,J1,22,30,30,22,19,10,9
453,q_learning,sb3,J0,30,27,27,30,18,10,8
454,q_learning,sb3,J1,15,30,30,15,16,5,11
455,q_learning,sb3,J1,21,30,30,21,18,6,12
456,q_learning,sb3,J1,20,30,30,20,16,6,10
457,q_learning,sb3,J0,30,26,26,30,19,13,6
458,q_learning,sb3,J0,30,20,20,30,20,15,5
459,q_learning,sb3,J0,30,21,21,30,17,9,8
460,q_learning,sb3,J1,27,30,30,27,19,6,13
461,q_learning,sb3,J0,30,24,24,30,21,11,10
462,q_learning,sb3,J1,16,30,30,16,16,7,9
463,q_learning,sb3,J0,30,26,26,30,19,11,8
464,q_learning,sb3,J1,21,30,30,21,17,10,7
465,q_learning,sb3,J1,16,30,30,16,18,7,11
466,q_learning,sb3,J1,28,30,30,28,21,14,7
467,q_learning,sb3,J0,30,20,20,30,17,10,7
468,q_learning,sb3,J0,30,26,26,30,19,9,10
469,q_learning,sb3,J1,25,30,30,25,20,12,8
470,q_learning,sb3,J1,21,30,30,21,20,12,8
471,q_learning,sb3,J0,30,14,14,30,17,14,3
472,q_learning,sb3,J1,20,30,30,20,19,11,8
473,q_learning,sb3,J1,21,30,30,21,19,11,8
474,q_learning,sb3,J1,25,30,30,25,19,12,7
475,q_learning,sb3,J1,10,30,30,10,14,5,9
476,q_learning,sb3,J1,22,30,30,22,19,11,8
477,q_learning,sb3,J1,27,30,30,27,21,10,11
478,q_learning,sb3,J1,18,30,30,18,17,8,9
479,q_learning,sb3,J1,20,30,30,20,18,8,10
480,q_learning,sb3,J1,28,30,30,28,20,11,9
481,q_learning,sb3,J1,18,30,30,18,17,8,9
482,q_learning,sb3,J1,29,30,30,29,19,11,8
483,q_learning,sb3,J0,30,24,24,30,19,12,7
484,q_learning,sb3,J0,30,27,27,30,19,12,7
485,q_learning,sb3,J0,30,19,19,30,13,7,6
486,q_learning,sb3,J0,30,26,26,30,19,8,11
487,q_learning,sb3,J0,30,28,28,30,21,12,9
488,q_learning,sb3,J1,22,30,30,22,14,8,6
489,q_learning,sb3,J1,18,30,30,18,17,6,11
490,q_learning,sb3,J1,20,30,30,20,19,10,9
491,q_learning,sb3,J0,30,26,26,30,19,13,6
492,q_learning,sb3,J1,25,30,30,25,19,12,7
493,q_learning,sb3,J1,20,30,30,20,20,10,10
494,q_learning,sb3,J1,12,30,30,12,13,5,8
495,q_learning,sb3,J0,30,27,27,30,21,13,8
496,q_learning,sb3,J0,30,26,26,30,22,13,9
497,q_learning,sb3,J0,30,15,15,30,15,13,2
498,q_learning,sb3,J1,23,30,30,23,19,10,9
499,q_learning,sb3,J1,17,30,30,17,17,9,8
500,q_learning,sb3,J1,26,30,30,26,21,13,8
501,q_learning,sb3,J0,30,29,29,30,18,7,11
502,q_learning,sb3,J1,23,30,30,23,17,6,11
503,q_learning,sb3,J1,25,30,30,25,17,9,8
504,q_learning,sb3,J1,21,30,30,21,17,7,10
505,q_learning,sb3,J1,23,30,30,23,20,12,8
506,q_learning,sb3,J1,27,30,30,27,19,11,8
507,q_learning,sb3,J1,17,30,30,17,15,6,9
508,q_learning,sb3,J1,16,30,30,16,16,6,10
509,q_learning,sb3,J0,30,28,28,30,20,12,8
510,q_learning,sb3,J1,25,30,30,25,19,9,10
511,q_learning,sb3,J0,30,25,25,30,18,13,5
512,q_learning,sb3,J1,23,30,30,23,20,6,14
513,q_learning,sb3,J0,30,26,26,30,21,13,8
514,q_learning,sb3,J1,15,30,30,15,15,7,8
515,q_learning,sb3,J1,25,30,30,25,18,9,9
516,q_learning,sb3,J1,17,30,30,17,17,6,11
517,q_learning,sb3,J0,30,27,27,30,18,9,9
518,q_learning,sb3,J0,30,26,26,30,22,14,8
519,q_learning,sb3,J1,9,30,30,9,13,5,8
520,q_learning,sb3,J1,29,30,30,29,20,10,10
521,q_learning,sb3,J1,18,30,30,18,17,6,11
522,q_learning,sb3,J1,27,30,30,27,20,10,10
523,q_learning,sb3,J0,30,21,21,30,17,8,9
524,q_learning,sb3,J1,28,30,30,28,18,10,8
525,q_learning,sb3,J1,23,30,30,23,18,8,10
526,q_learning,sb3,J0,30,26,26,30,20,11,9
527,q_learning,sb3,J1,18,30,30,18,15,8,7
528,q_learning,sb3,J1,25,30,30,25,21,12,9
529,q_learning,sb3,J1,22,30,30,22,17,7,10
530,q_learning,sb3,J0,30,25,25,30,19,11,8
531,q_learning,sb3,J0,30,23,23,30,21,14,7
532,q_learning,sb3,J1,28,30,30,28,21,12,9
533,q_learning,sb3,J1,20,30,30,20,19,7,12
534,q_learning,sb3,J1,23,30,30,23,20,8,12
535,q_learning,sb3,J0,30,28,28,30,20,13,7
536,q_learning,sb3,J0,30,27,27,30,20,12,8
537,q_learning,sb3,J0,30,25,25,30,21,15,6
538,q_learning,sb3,J1,21,30,30,21,17,9,8
539,q_learning,sb3,J0,30,25,25,30,19,14,5
540,q_learning,sb3,J1,21,30,30,21,19,9,10
541,q_learning,sb3,J0,30,28,28,30,18,8,10
542,q_learning,sb3,J0,30,27,27,30,20,10,10
543,q_learning,sb3,J1,27,30,30,27,21,16,5
544,q_learning,sb3,J0,30,20,20,30,17,10,7
545,q_learning,sb3,J1,19,30,30,19,16,6,10
546,q_learning,sb3,J1,22,30,30,22,18,9,9
547,q_learning,sb3,J0,30,26,26,30,19,10,9
548,q_learning,sb3,J0,30,28,28,30,19,10,9
549,q_learning,sb3,J0,30,27,27,30,19,12,7
550,q_learning,sb3,J0,30,28,28,30,22,12,10
551,q_learning,sb3,J0,30,26,26,30,23,16,7
552,q_learning,sb3,J1,29,30,30,29,20,11,9
553,q_learning,sb3,J0,30,28,28,30,19,12,7
554,q_learning,sb3,J0,30,16,16,30,16,13,3
555,q_learning,sb3,J0,30,26,26,30,20,13,7
556,q_learning,sb3,J0,30,28,28,30,19,11,8
557,q_learning,sb3,J1,17,30,30,17,16,9,7
558,q_learning,sb3,J1,26,30,30,26,21,12,9
559,q_learning,sb3,J0,30,27,27,30,19,12,7
560,q_learning,sb3,J0,30,21,21,30,17,10,7
561,q_learning,sb3,J1,18,30,30,18,16,7,9
562,q_learning,sb3,J1,24,30,30,24,20,13,7
563,q_learning,sb3,J1,25,30,30,25,20,13,7
564,q_learning,sb3,J1,15,30,30,15,16,6,10
565,q_learning,sb3,J0,30,21,21,30,16,9,7
566,q_learning,sb3,J1,15,30,30,15,16,10,6
567,q_learning,sb3,J0,30,26,26,30,20,12,8
568,q_learning,sb3,J0,30,27,27,30,20,12,8
569,q_learning,sb3,J0,30,26,26,30,22,15,7
570,q_learning,sb3,J1,24,30,30,24,18,7,11
571,q_learning,sb3,J1,17,30,30,17,15,3,12
572,q_learning,sb3,J0,30,28,28,30,20,13,7
573,q_learning,sb3,J0,30,24,24,30,16,9,7
574,q_learning,sb3,J0,30,26,26,30,18,12,6
575,q_learning,sb3,J0,30,21,21,30,17,11,6
576,q_learning,sb3,J1,27,30,30,27,19,10,9
577,q_learning,sb3,J1,23,30,30,23,17,9,8
578,q_learning,sb3,J0,30,17,17,30,18,15,3
579,q_learning,sb3,J1,28,30,30,28,21,14,7
580,q_learning,sb3,J0,30,26,26,30,20,10,10
581,q_learning,sb3,J0,30,23,23,30,20,10,10
582,q_learning,sb3,J1,23,30,30,23,19,9,10
583,q_learning,sb3,J1,16,30,30,16,17,9,8
584,q_learning,sb3,J1,26,30,30,26,21,14,7
585,q_learning,sb3,J1,20,30,30,20,19,11,8
586,q_learning,sb3,J0,30,25,25,30,18,12,6
587,q_learning,sb3,J0,30,27,27,30,17,7,10
588,q_learning,sb3,J1,28,30,30,28,20,10,10
589,q_learning,sb3,J1,22,30,30,22,18,7,11
590,q_learning,sb3,J1,8,30,30,8,14,6,8
591,q_learning,sb3,J1,24,30,30,24,18,11,7
592,q_learning,sb3,J0,30,27,27,30,21,12,9
593,q_learning,sb3,J1,26,30,30,26,19,11,8
594,q_learning,sb3,J0,30,28,28,30,22,12,10
595,q_learning,sb3,J0,30,27,27,30,21,12,9
596,q_learning,sb3,J1,26,30,30,26,17,7,10
597,q_learning,sb3,J1,9,30,30,9,11,4,7
598,q_learning,sb3,J1,17,30,30,17,19,6,13
599,q_learning,sb3,J0,30,27,27,30,22,14,8
600,q_learning,sb3,J1,23,30,30,23,18,8,10
601,q_learning,sb3,J1,19,30,30,19,18,12,6
602,q_learning,sb3,J1,22,30,30,22,18,9,9
603,q_learning,sb3,J1,27,30,30,27,19,9,10
604,q_learning,sb3,J1,20,30,30,20,17,8,9
605,q_learning,sb3,J1,23,30,30,23,18,7,11
606,q_learning,sb3,J1,25,30,30,25,19,12,7
607,q_learning,sb3,J1,17,30,30,17,16,8,8
608,q_learning,sb3,J1,12,30,30,12,15,7,8
609,q_learning,sb3,J1,21,30,30,21,19,9,10
610,q_learning,sb3,J1,7,30,30,7,13,5,8
611,q_learning,sb3,J0,30,27,27,30,21,12,9
612,q_learning,sb3,J1,21,30,30,21,19,10,9
613,q_learning,sb3,J0,30,23,23,30,18,9,9
614,q_learning,sb3,J0,30,27,27,30,21,12,9
615,q_learning,sb3,J1,27,30,30,27,18,11,7
616,q_learning,sb3,J1,29,30,30,29,20,12,8
617,q_learning,sb3,J0,30,28,28,30,22,12,10
618,q_learning,sb3,J1,27,30,30,27,20,11,9
619,q_learning,sb3,J1,26,30,30,26,20,10,10
620,q_learning,sb3,J1,25,30,30,25,17,8,9
621,q_learning,sb3,J1,29,30,30,29,21,13,8
622,q_learning,sb3,J0,30,26,26,30,19,13,6
623,q_learning,sb3,J1,20,30,30,20,16,8,8
624,q_learning,sb3,J1,22,30,30,22,18,10,8
625,q_learning,sb3,J1,11,30,30,11,16,6,10
626,q_learning,sb3,J1,21,30,30,21,18,10,8
627,q_learning,sb3,J1,29,30,30,29,19,11,8
628,q_learning,sb3,J1,21,30,30,21,20,11,9
629,q_learning,sb3,J1,25,30,30,25,20,11,9
630,q_learning,sb3,J0,30,20,20,30,14,8,6
631,q_learning,sb3,J1,22,30,30,22,18,8,10
632,q_learning,sb3,J1,23,30,30,23,18,9,9
633,q_learning,sb3,J0,30,26,26,30,17,10,7
634,q_learning,sb3,J1,24,30,30,24,18,12,6
635,q_learning,sb3,J1,27,30,30,27,19,13,6
636,q_learning,sb3,J1,29,30,30,29,21,13,8
637,q_learning,sb3,J1,22,30,30,22,18,8,10
638,q_learning,sb3,J1,26,30,30,26,19,11,8
639,q_learning,sb3,J1,22,30,30,22,20,9,11
640,q_learning,sb3,J0,30,27,27,30,20,14,6
641,q_learning,sb3,J1,28,30,30,28,19,10,9
642,q_learning,sb3,J0,30,20,20,30,17,8,9
643,q_learning,sb3,J0,30,19,19,30,18,11,7
644,q_learning,sb3,J1,20,30,30,20,21,12,9
645,q_learning,sb3,J0,30,15,15,30,12,9,3
646,q_learning,sb3,J0,30,28,28,30,21,11,10
647,q_learning,sb3,J1,25,30,30,25,19,12,7
648,q_learning,sb3,J1,20,30,30,20,18,10,8
649,q_learning,sb3,J0,30,20,20,30,17,11,6
650,q_learning,sb3,J1,28,30,30,28,19,10,9
651,q_learning,sb3,J1,20,30,30,20,18,8,10
652,q_learning,sb3,J0,30,28,28,30,22,13,9
653,q_learning,sb3,J1,18,30,30,18,17,10,7
654,q_learning,sb3,J1,23,30,30,23,20,11,9
655,q_learning,sb3,J1,29,30,30,29,22,13,9
656,q_learning,sb3,J0,30,26,26,30,18,9,9
657,q_learning,sb3,J0,30,26,26,30,22,15,7
658,q_learning,sb3,J1,25,30,30,25,21,11,10
659,q_learning,sb3,J1,20,30,30,20,20,12,8
660,q_learning,sb3,J0,30,26,26,30,19,12,7
661,q_learning,sb3,J1,27,30,30,27,19,12,7
662,q_learning,sb3,J0,30,26,26,30,18,12,6
663,q_learning,sb3,J1,10,30,30,10,13,6,7
664,q_learning,sb3,J1,18,30,30,18,18,7,11
665,q_learning,sb3,J1,22,30,30,22,20,12,8
666,q_learning,sb3,J1,24,30,30,24,21,13,8
667,q_learning,sb3,J0,30,23,23,30,20,14,6
668,q_learning,sb3,J1,21,30,30,21,20,14,6
669,q_learning,sb3,J1,21,30,30,21,18,10,8
670,q_learning,sb3,J1,19,30,30,19,17,8,9
671,q_learning,sb3,J1,20,30,30,20,17,8,9
672,q_learning,sb3,J0,30,28,28,30,22,12,10
673,q_learning,sb3,J1,19,30,30,19,16,7,9
674,q_learning,sb3,J0,30,12,12,30,15,12,3
675,q_learning,sb3,J0,30,26,26,30,19,14,5
676,q_learning,sb3,J1,16,30,30,16,16,9,7
677,q_learning,sb3,J1,18,30,30,18,15,8,7
678,q_learning,sb3,J1,16,30,30,16,16,7,9
679,q_learning,sb3,J1,28,30,30,28,22,13,9
680,q_learning,sb3,J0,30,26,26,30,18,11,7
681,q_learning,sb3,J0,30,21,21,30,16,11,5
682,q_learning,sb3,J0,30,26,26,30,21,13,8
683,q_learning,sb3,J1,22,30,30,22,16,9,7
684,q_learning,sb3,J0,30,27,27,30,19,10,9
685,q_learning,sb3,J1,21,30,30,21,17,8,9
686,q_learning,sb3,J1,20,30,30,20,17,9,8
687,q_learning,sb3,J1,20,30,30,20,15,6,9
688,q_learning,sb3,J1,21,30,30,21,15,7,8
689,q_learning,sb3,J1,27,30,30,27,19,8,11
690,q_learning,sb3,J1,16,30,30,16,17,8,9
691,q_learning,sb3,J1,26,30,30,26,17,8,9
692,q_learning,sb3,J1,13,30,30,13,15,4,11
693,q_learning,sb3,J1,8,30,30,8,14,6,8
694,q_learning,sb3,J0,30,27,27,30,19,12,7
695,q_learning,sb3,J0,30,26,26,30,21,12,9
696,q_learning,sb3,J1,27,30,30,27,20,13,7
697,q_learning,sb3,J0,30,29,29,30,19,12,7
698,q_learning,sb3,J1,27,30,30,27,20,10,10
699,q_learning,sb3,J1,23,30,30,23,15,9,6
700,q_learning,sb3,J1,28,30,30,28,20,10,10
701,q_learning,sb3,J1,20,30,30,20,16,9,7
702,q_learning,sb3,J0,30,24,24,30,18,11,7
703,q_learning,sb3,J1,22,30,30,22,20,10,10
704,q_learning,sb3,J1,29,30,30,29,21,13,8
705,q_learning,sb3,J0,30,29,29,30,21,10,11
706,q_learning,sb3,J0,30,28,28,30,22,14,8
707,q_learning,sb3,J0,30,13,13,30,13,9,4
708,q_learning,sb3,J0,30,28,28,30,19,11,8
709,q_learning,sb3,J1,29,30,30,29,20,12,8
710,q_learning,sb3,J0,30,23,23,30,19,13,6
711,q_learning,sb3,J0,30,10,10,30,15,13,2
712,q_learning,sb3,J0,30,26,26,30,20,12,8
713,q_learning,sb3,J1,27,30,30,27,17,9,8
714,q_learning,sb3,J1,26,30,30,26,16,9,7
715,q_learning,sb3,J1,21,30,30,21,19,9,10
716,q_learning,sb3,J0,30,27,27,30,20,10,10
717,q_learning,sb3,J0,30,28,28,30,18,8,10
718,q_learning,sb3,J1,28,30,30,28,21,13,8
719,q_learning,sb3,J1,11,30,30,11,15,7,8
720,q_learning,sb3,J1,13,30,30,13,15,4,11
721,q_learning,sb3,J1,18,30,30,18,16,7,9
722,q_learning,sb3,J1,16,30,30,16,17,7,10
723,q_learning,sb3,J1,19,30,30,19,16,7,9
724,q_learning,sb3,J1,22,30,30,22,16,8,8
725,q_learning,sb3,J1,28,30,30,28,21,13,8
726,q_learning,sb3,J1,22,30,30,22,19,10,9
727,q_learning,sb3,J1,26,30,30,26,18,8,10
728,q_learning,sb3,J0,30,25,25,30,18,13,5
729,q_learning,sb3,J0,30,21,21,30,18,16,2
730,q_learning,sb3,J1,25,30,30,25,19,12,7
731,q_learning,sb3,J1,21,30,30,21,18,9,9
732,q_learning,sb3,J0,30,28,28,30,20,10,10
733,q_learning,sb3,J1,14,30,30,14,15,5,10
734,q_learning,sb3,J1,22,30,30,22,17,9,8
735,q_learning,sb3,J0,30,28,28,30,22,14,8
736,q_learning,sb3,J0,30,26,26,30,19,11,8
737,q_learning,sb3,J0,30,24,24,30,19,12,7
738,q_learning,sb3,J1,18,30,30,18,16,9,7
739,q_learning,sb3,J0,30,26,26,30,19,9,10
740,q_learning,sb3,J1,28,30,30,28,21,13,8
741,q_learning,sb3,J0,30,26,26,30,22,13,9
742,q_learning,sb3,J1,29,30,30,29,20,10,10
743,q_learning,sb3,J0,30,26,26,30,22,13,9
744,q_learning,sb3,J0,30,26,26,30,21,13,8
745,q_learning,sb3,J1,11,30,30,11,14,2,12
746,q_learning,sb3,J1,16,30,30,16,14,8,6
747,q_learning,sb3,J0,30,19,19,30,17,13,4
748,q_learning,sb3,J1,29,30,30,29,22,11,11
749,q_learning,sb3,J0,30,26,26,30,18,12,6
750,q_learning,sb3,J1,14,30,30,14,16,5,11
751,q_learning,sb3,J1,22,30,30,22,19,8,11
752,q_learning,sb3,J0,30,27,27,30,21,14,7
753,q_learning,sb3,J0,30,26,26,30,20,10,10
754,q_learning,sb3,J0,30,26,26,30,17,11,6
755,q_learning,sb3,J1,28,30,30,28,18,10,8
756,q_learning,sb3,J1,24,30,30,24,19,11,8
757,q_learning,sb3,J0,30,29,29,30,20,11,9
758,q_learning,sb3,J1,22,30,30,22,16,7,9
759,q_learning,sb3,J0,30,28,28,30,21,13,8
760,q_learning,sb3,J0,30,29,29,30,19,10,9
761,q_learning,sb3,J0,30,22,22,30,19,9,10
762,q_learning,sb3,J0,30,27,27,30,19,13,6
763,q_learning,sb3,J1,23,30,30,23,21,10,11
764,q_learning,sb3,J0,30,27,27,30,20,12,8
765,q_learning,sb3,J1,16,30,30,16,17,8,9
766,q_learning,sb3,J0,30,27,27,30,20,11,9
767,q_learning,sb3,J0,30,22,22,30,17,11,6
768,q_learning,sb3,J0,30,26,26,30,20,11,9
769,q_learning,sb3,J0,30,26,26,30,17,10,7
770,q_learning,sb3,J1,29,30,30,29,17,9,8
771,q_learning,sb3,J1,24,30,30,24,18,8,10
772,q_learning,sb3,J1,22,30,30,22,17,10,7
773,q_learning,sb3,J1,22,30,30,22,19,11,8
774,q_learning,sb3,J0,30,26,26,30,18,12,6
775,q_learning,sb3,J0,30,29,29,30,21,11,10
776,q_learning,sb3,J0,30,27,27,30,21,12,9
777,q_learning,sb3,J0,30,26,26,30,19,10,9
778,q_learning,sb3,J0,30,26,26,30,19,12,7
779,q_learning,sb3,J1,25,30,30,25,22,15,7
780,q_learning,sb3,J1,23,30,30,23,20,9,11
781,q_learning,sb3,J1,27,30,30,27,20,10,10
782,q_learning,sb3,J0,30,19,19,30,20,17,3
783,q_learning,sb3,J1,19,30,30,19,16,5,11
784,q_learning,sb3,J1,18,30,30,18,17,10,7
785,q_learning,sb3,J1,24,30,30,24,23,15,8
786,q_learning,sb3,J0,30,27,27,30,18,12,6
787,q_learning,sb3,J1,28,30,30,28,19,11,8
788,q_learning,sb3,J0,30,25,25,30,21,16,5
789,q_learning,sb3,J0,30,27,27,30,17,11,6
790,q_learning,sb3,J1,18,30,30,18,17,9,8
791,q_learning,sb3,J1,27,30,30,27,20,14,6
792,q_learning,sb3,J1,22,30,30,22,19,10,9
793,q_learning,sb3,J0,30,28,28,30,21,14,7
794,q_learning,sb3,J0,30,28,28,30,18,8,10
795,q_learning,sb3,J1,16,30,30,16,18,7,11
796,q_learning,sb3,J1,10,30,30,10,12,4,8
797,q_learning,sb3,J1,20,30,30,20,20,10,10
798,q_learning,sb3,J1,10,30,30,10,14,6,8
799,q_learning,sb3,J0,30,26,26,30,21,12,9
800,q_learning,sb3,J0,30,23,23,30,21,14,7
801,q_learning,sb3,J1,24,30,30,24,18,11,7
802,q_learning,sb3,J0,30,29,29,30,18,12,6
803,q_learning,sb3,J1,28,30,30,28,20,13,7
804,q_learning,sb3,J1,24,30,30,24,17,10,7
805,q_learning,sb3,J1,26,30,30,26,20,10,10
806,q_learning,sb3,J1,28,30,30,28,18,9,9
807,q_learning,sb3,J0,30,26,26,30,21,13,8
808,q_learning,sb3,J0,30,26,26,30,21,13,8
809,q_learning,sb3,J0,30,29,29,30,23,17,6
810,q_learning,sb3,J0,30,26,26,30,19,9,10
811,q_learning,sb3,J1,22,30,30,22,21,13,8
812,q_learning,sb3,J1,21,30,30,21,17,5,12
813,q_learning,sb3,J1,22,30,30,22,17,7,10
814,q_learning,sb3,J1,23,30,30,23,17,7,10
815,q_learning,sb3,J1,16,30,30,16,17,7,10
816,q_learning,sb3,J1,25,30,30,25,18,10,8
817,q_learning,sb3,J0,30,24,24,30,22,14,8
818,q_learning,sb3,J1,16,30,30,16,16,8,8
819,q_learning,sb3,J0,30,29,29,30,19,9,10
820,q_learning,sb3,J1,21,30,30,21,18,9,9
821,q_learning,sb3,J0,30,27,27,30,21,12,9
822,q_learning,sb3,J1,10,30,30,10,13,5,8
823,q_learning,sb3,J0,30,27,27,30,19,8,11
824,q_learning,sb3,J1,27,30,30,27,19,9,10
825,q_learning,sb3,J1,29,30,30,29,21,12,9
826,q_learning,sb3,J0,30,24,24,30,19,11,8
827,q_learning,sb3,J0,30,29,29,30,23,11,12
828,q_learning,sb3,J1,24,30,30,24,19,12,7
829,q_learning,sb3,J0,30,28,28,30,18,10,8
830,q_learning,sb3,J1,25,30,30,25,16,7,9
831,q_learning,sb3,J1,16,30,30,16,16,10,6
832,q_learning,sb3,J1,19,30,30,19,15,7,8
833,q_learning,sb3,J1,23,30,30,23,18,11,7
834,q_learning,sb3,J1,26,30,30,26,19,12,7
835,q_learning,sb3,J1,17,30,30,17,17,9,8
836,q_learning,sb3,J1,16,30,30,16,19,10,9
837,q_learning,sb3,J0,30,18,18,30,17,13,4
838,q_learning,sb3,J1,16,30,30,16,17,8,9
839,q_learning,sb3,J1,21,30,30,21,17,8,9
840,q_learning,sb3,J0,30,25,25,30,19,12,7
841,q_learning,sb3,J0,30,24,24,30,19,10,9
842,q_learning,sb3,J1,19,30,30,19,19,8,11
843,q_learning,sb3,J1,22,30,30,22,17,9,8
844,q_learning,sb3,J0,30,22,22,30,19,14,5
845,q_learning,sb3,J1,23,30,30,23,16,8,8
846,q_learning,sb3,J1,24,30,30,24,20,13,7
847,q_learning,sb3,J1,16,30,30,16,16,8,8
848,q_learning,sb3,J0,30,27,27,30,19,9,10
849,q_learning,sb3,J0,30,28,28,30,20,10,10
850,q_learning,sb3,J1,22,30,30,22,20,10,10
851,q_learning,sb3,J1,13,30,30,13,15,6,9
852,q_learning,sb3,J1,22,30,30,22,19,12,7
853,q_learning,sb3,J1,28,30,30,28,22,14,8
854,q_learning,sb3,J0,30,25,25,30,20,12,8
855,q_learning,sb3,J1,25,30,30,25,18,9,9
856,q_learning,sb3,J1,16,30,30,16,16,5,11
857,q_learning,sb3,J1,27,30,30,27,20,11,9
858,q_learning,sb3,J0,30,29,29,30,21,12,9
859,q_learning,sb3,J0,30,28,28,30,20,9,11
860,q_learning,sb3,J1,22,30,30,22,18,8,10
861,q_learning,sb3,J1,24,30,30,24,19,9,10
862,q_learning,sb3,J1,24,30,30,24,15,7,8
863,q_learning,sb3,J1,23,30,30,23,19,10,9
864,q_learning,sb3,J0,30,26,26,30,18,9,9
865,q_learning,sb3,J1,26,30,30,26,20,10,10
866,q_learning,sb3,J0,30,26,26,30,22,11,11
867,q_learning,sb3,J1,18,30,30,18,16,9,7
868,q_learning,sb3,J0,30,26,26,30,20,12,8
869,q_learning,sb3,J1,19,30,30,19,19,6,13
870,q_learning,sb3,J1,15,30,30,15,17,5,12
871,q_learning,sb3,J1,21,30,30,21,20,10,10
872,q_learning,sb3,J1,22,30,30,22,16,8,8
873,q_learning,sb3,J1,23,30,30,23,17,10,7
874,q_learning,sb3,J0,30,26,26,30,19,10,9
875,q_learning,sb3,J1,22,30,30,22,18,11,7
876,q_learning,sb3,J1,9,30,30,9,13,2,11
877,q_learning,sb3,J1,22,30,30,22,16,7,9
878,q_learning,sb3,J1,25,30,30,25,18,10,8
879,q_learning,sb3,J0,30,29,29,30,20,10,10
880,q_learning,sb3,J1,17,30,30,17,16,8,8
881,q_learning,sb3,J1,16,30,30,16,15,5,10
882,q_learning,sb3,J1,27,30,30,27,21,13,8
883,q_learning,sb3,J0,30,26,26,30,20,9,11
884,q_learning,sb3,J0,30,23,23,30,19,13,6
885,q_learning,sb3,J1,14,30,30,14,14,4,10
886,q_learning,sb3,J0,30,26,26,30,19,10,9
887,q_learning,sb3,J0,30,28,28,30,20,14,6
888,q_learning,sb3,J1,29,30,30,29,21,12,9
889,q_learning,sb3,J1,18,30,30,18,16,6,10
890,q_learning,sb3,J0,30,26,26,30,21,12,9
891,q_learning,sb3,J1,24,30,30,24,18,11,7
892,q_learning,sb3,J1,20,30,30,20,16,6,10
893,q_learning,sb3,J0,30,26,26,30,18,7,11
894,q_learning,sb3,J1,20,30,30,20,16,9,7
895,q_learning,sb3,J1,10,30,30,10,12,4,8
896,q_learning,sb3,J1,18,30,30,18,16,6,10
897,q_learning,sb3,J1,19,30,30,19,17,10,7
898,q_learning,sb3,J1,18,30,30,18,17,8,9
899,q_learning,sb3,J1,18,30,30,18,18,7,11
900,q_learning,sb3,J1,22,30,30,22,18,9,9
901,q_learning,sb3,J0,30,29,29,30,20,11,9
902,q_learning,sb3,J1,26,30,30,26,18,12,6
903,q_learning,sb3,J0,30,27,27,30,19,12,7
904,q_learning,sb3,J1,18,30,30,18,16,4,12
905,q_learning,sb3,J0,30,20,20,30,16,9,7
906,q_learning,sb3,J0,30,22,22,30,18,10,8
907,q_learning,sb3,J1,22,30,30,22,20,12,8
908,q_learning,sb3,J1,8,30,30,8,13,1,12
909,q_learning,sb3,J0,30,27,27,30,21,14,7
910,q_learning,sb3,J1,29,30,30,29,20,11,9
911,q_learning,sb3,J0,30,27,27,30,22,15,7
912,q_learning,sb3,J0,30,29,29,30,20,12,8
913,q_learning,sb3,J1,14,30,30,14,16,7,9
914,q_learning,sb3,J1,27,30,30,27,19,11,8
915,q_learning,sb3,J1,20,30,30,20,17,10,7
916,q_learning,sb3,J1,22,30,30,22,19,10,9
917,q_learning,sb3,J0,30,17,17,30,16,10,6
918,q_learning,sb3,J0,30,24,24,30,19,13,6
919,q_learning,sb3,J0,30,27,27,30,22,14,8
920,q_learning,sb3,J0,30,27,27,30,20,11,9
921,q_learning,sb3,J0,30,26,26,30,20,13,7
922,q_learning,sb3,J0,30,24,24,30,18,12,6
923,q_learning,sb3,J1,22,30,30,22,18,10,8
924,q_learning,sb3,J0,30,29,29,30,21,14,7
925,q_learning,sb3,J0,30,23,23,30,18,12,6
926,q_learning,sb3,J0,30,27,27,30,20,10,10
927,q_learning,sb3,J1,14,30,30,14,15,5,10
928,q_learning,sb3,J1,25,30,30,25,20,9,11
929,q_learning,sb3,J0,30,28,28,30,20,10,10
930,q_learning,sb3,J1,27,30,30,27,21,13,8
931,q_learning,sb3,J1,16,30,30,16,15,8,7
932,q_learning,sb3,J1,29,30,30,29,16,8,8
933,q_learning,sb3,J1,12,30,30,12,16,5,11
934,q_learning,sb3,J0,30,22,22,30,17,10,7
935,q_learning,sb3,J1,25,30,30,25,20,12,8
936,q_learning,sb3,J1,16,30,30,16,15,5,10
937,q_learning,sb3,J1,27,30,30,27,19,10,9
938,q_learning,sb3,J1,23,30,30,23,21,10,11
939,q_learning,sb3,J0,30,28,28,30,23,13,10
940,q_learning,sb3,J1,21,30,30,21,19,11,8
941,q_learning,sb3,J1,15,30,30,15,17,8,9
942,q_learning,sb3,J0,30,26,26,30,19,13,6
943,q_learning,sb3,J0,30,27,27,30,21,11,10
944,q_learning,sb3,J1,21,30,30,21,16,7,9
945,q_learning,sb3,J0,30,27,27,30,19,12,7
946,q_learning,sb3,J0,30,28,28,30,20,13,7
947,q_learning,sb3,J1,15,30,30,15,16,7,9
948,q_learning,sb3,J0,30,27,27,30,21,12,9
949,q_learning,sb3,J1,14,30,30,14,16,9,7
950,q_learning,sb3,J1,26,30,30,26,21,11,10
951,q_learning,sb3,J0,30,20,20,30,13,9,4
952,q_learning,sb3,J1,21,30,30,21,16,6,10
953,q_learning,sb3,J1,10,30,30,10,14,2,12
954,q_learning,sb3,J0,30,28,28,30,21,11,10
955,q_learning,sb3,J0,30,26,26,30,21,15,6
956,q_learning,sb3,J1,13,30,30,13,13,4,9
957,q_learning,sb3,J0,30,29,29,30,17,9,8
958,q_learning,sb3,J0,30,26,26,30,20,13,7
959,q_learning,sb3,J0,30,26,26,30,20,11,9
960,q_learning,sb3,J0,30,17,17,30,17,14,3
961,q_learning,sb3,J0,30,27,27,30,18,12,6
962,q_learning,sb3,J1,26,30,30,26,20,10,10
963,q_learning,sb3,J0,30,17,17,30,18,11,7
964,q_learning,sb3,J1,13,30,30,13,18,11,7
965,q_learning,sb3,J1,24,30,30,24,19,11,8
966,q_learning,sb3,J0,30,26,26,30,21,14,7
967,q_learning,sb3,J0,30,17,17,30,18,13,5
968,q_learning,sb3,J1,17,30,30,17,16,8,8
969,q_learning,sb3,J0,30,26,26,30,22,13,9
970,q_learning,sb3,J1,29,30,30,29,21,13,8
971,q_learning,sb3,J0,30,14,14,30,15,11,4
972,q_learning,sb3,J0,30,27,27,30,20,11,9
973,q_learning,sb3,J0,30,23,23,30,16,12,4
974,q_learning,sb3,J1,25,30,30,25,16,8,8
975,q_learning,sb3,J1,23,30,30,23,17,7,10
976,q_learning,sb3,J1,19,30,30,19,18,10,8
977,q_learning,sb3,J1,23,30,30,23,20,9,11
978,q_learning,sb3,J1,16,30,30,16,17,7,10
979,q_learning,sb3,J1,22,30,30,22,18,7,11
980,q_learning,sb3,J1,14,30,30,14,14,5,9
981,q_learning,sb3,J1,21,30,30,21,18,10,8
982,q_learning,sb3,J1,10,30,30,10,15,9,6
983,q_learning,sb3,J1,18,30,30,18,15,9,6
984,q_learning,sb3,J0,30,27,27,30,19,13,6
985,q_learning,sb3,J0,30,27,27,30,19,9,10
986,q_learning,sb3,J0,30,28,28,30,18,10,8
987,q_learning,sb3,J0,30,16,16,30,15,11,4
988,q_learning,sb3,J0,30,28,28,30,20,10,10
989,q_learning,sb3,J1,19,30,30,19,15,8,7
990,q_learning,sb3,J1,22,30,30,22,18,11,7
991,q_learning,sb3,J0,30,24,24,30,20,12,8
992,q_learning,sb3,J1,29,30,30,29,21,13,8
993,q_learning,sb3,J0,30,25,25,30,21,13,8
994,q_learning,sb3,J1,24,30,30,24,17,10,7
995,q_learning,sb3,J1,26,30,30,26,19,13,6
996,q_learning,sb3,J1,23,30,30,23,18,9,9
997,q_learning,sb3,J0,30,24,24,30,19,13,6
998,q_learning,sb3,J0,30,26,26,30,18,10,8
999,q_learning,sb3,J1,22,30,30,22,17,8,9
1000,q_learning,sb3,J1,24,30,30,24,19,10,9
