game,agent_0,agent_1,winner,points_j0,points_j1,points_lost_j0,points_lost_j1,hands_played,hands_won_j0,hands_won_j1
1,q_learning,random,J0,30,3,3,30,4,1,3
2,q_learning,random,J0,30,7,7,30,11,10,1
3,q_learning,random,J0,30,2,2,30,4,3,1
4,q_learning,random,J0,30,23,23,30,22,14,8
5,q_learning,random,J0,30,17,17,30,13,8,5
6,q_learning,random,J1,29,30,30,29,24,17,7
7,q_learning,random,J0,30,19,19,30,21,14,7
8,q_learning,random,J0,30,27,27,30,24,12,12
9,q_learning,random,J1,14,30,30,14,6,5,1
10,q_learning,random,J0,30,26,26,30,24,15,9
11,q_learning,random,J0,30,13,13,30,16,10,6
12,q_learning,random,J0,30,12,12,30,18,17,1
13,q_learning,random,J0,30,2,2,30,4,3,1
14,q_learning,random,J0,30,19,19,30,19,13,6
15,q_learning,random,J0,30,28,28,30,24,15,9
16,q_learning,random,J0,30,14,14,30,14,10,4
17,q_learning,random,J0,30,11,11,30,11,6,5
18,q_learning,random,J1,14,30,30,14,14,11,3
19,q_learning,random,J0,30,21,21,30,18,11,7
20,q_learning,random,J0,30,13,13,30,15,10,5
21,q_learning,random,J1,7,30,30,7,3,3,0
22,q_learning,random,J0,30,20,20,30,25,18,7
23,q_learning,random,J0,30,17,17,30,15,9,6
24,q_learning,random,J0,30,22,22,30,19,12,7
25,q_learning,random,J0,30,13,13,30,17,17,0
26,q_learning,random,J1,11,30,30,11,9,5,4
27,q_learning,random,J0,30,11,11,30,10,6,4
28,q_learning,random,J0,30,22,22,30,23,15,8
29,q_learning,random,J1,4,30,30,4,4,3,1
30,q_learning,random,J0,30,14,14,30,16,11,5
31,q_learning,random,J1,15,30,30,15,5,4,1
32,q_learning,random,J0,30,9,9,30,12,10,2
33,q_learning,random,J0,30,19,19,30,20,10,10
34,q_learning,random,J0,30,8,8,30,14,12,2
35,q_learning,random,J0,30,26,26,30,24,19,5
36,q_learning,random,J0,30,14,14,30,20,13,7
37,q_learning,random,J0,30,26,26,30,24,15,9
38,q_learning,random,J1,24,30,30,24,21,15,6
39,q_learning,random,J0,30,27,27,30,21,11,10
40,q_learning,random,J0,30,19,19,30,18,12,6
41,q_learning,random,J0,30,0,0,30,1,1,0
42,q_learning,random,J1,13,30,30,13,11,8,3
43,q_learning,random,J0,30,20,20,30,23,14,9
44,q_learning,random,J0,30,7,7,30,9,7,2
45,q_learning,random,J0,30,8,8,30,9,3,6
46,q_learning,random,J0,30,15,15,30,16,11,5
47,q_learning,random,J0,30,0,0,30,1,1,0
48,q_learning,random,J0,30,27,27,30,29,16,13
49,q_learning,random,J0,30,18,18,30,15,10,5
50,q_learning,random,J0,30,9,9,30,16,14,2
51,q_learning,random,J1,15,30,30,15,14,7,7
52,q_learning,random,J0,30,16,16,30,21,14,7
53,q_learning,random,J0,30,15,15,30,20,14,6
54,q_learning,random,J0,30,16,16,30,17,12,5
55,q_learning,random,J0,30,23,23,30,19,9,10
56,q_learning,random,J1,13,30,30,13,11,7,4
57,q_learning,random,J0,30,12,12,30,6,6,0
58,q_learning,random,J1,25,30,30,25,23,10,13
59,q_learning,random,J0,30,20,20,30,25,15,10
60,q_learning,random,J0,30,23,23,30,22,15,7
61,q_learning,random,J0,30,29,29,30,17,11,6
62,q_learning,random,J0,30,17,17,30,20,13,7
63,q_learning,random,J0,30,12,12,30,15,9,6
64,q_learning,random,J0,30,11,11,30,18,14,4
65,q_learning,random,J1,6,30,30,6,5,2,3
66,q_learning,random,J0,30,15,15,30,15,12,3
67,q_learning,random,J0,30,15,15,30,16,10,6
68,q_learning,random,J0,30,13,13,30,19,16,3
69,q_learning,random,J0,30,0,0,30,0,0,0
70,q_learning,random,J0,30,0,0,30,1,1,0
71,q_learning,random,J0,30,25,25,30,23,15,8
72,q_learning,random,J0,30,22,22,30,15,12,3
73,q_learning,random,J0,30,7,7,30,15,12,3
74,q_learning,random,J0,30,15,15,30,22,15,7
75,q_learning,random,J0,30,12,12,30,18,12,6
76,q_learning,random,J0,30,26,26,30,20,10,10
77,q_learning,random,J0,30,23,23,30,22,12,10
78,q_learning,random,J1,20,30,30,20,23,13,10
79,q_learning,random,J1,28,30,30,28,16,11,5
80,q_learning,random,J0,30,17,17,30,22,16,6
81,q_learning,random,J1,0,30,30,0,0,0,0
82,q_learning,random,J1,23,30,30,23,23,13,10
83,q_learning,random,J0,30,19,19,30,21,17,4
84,q_learning,random,J0,30,14,14,30,25,16,9
85,q_learning,random,J0,30,28,28,30,21,12,9
86,q_learning,random,J1,6,30,30,6,8,4,4
87,q_learning,random,J0,30,9,9,30,15,10,5
88,q_learning,random,J0,30,12,12,30,9,4,5
89,q_learning,random,J0,30,4,4,30,9,6,3
90,q_learning,random,J1,14,30,30,14,15,6,9
91,q_learning,random,J0,30,15,15,30,19,14,5
92,q_learning,random,J1,0,30,30,0,0,0,0
93,q_learning,random,J0,30,13,13,30,18,13,5
94,q_learning,random,J0,30,19,19,30,18,14,4
95,q_learning,random,J0,30,23,23,30,25,14,11
96,q_learning,random,J1,11,30,30,11,12,7,5
97,q_learning,random,J0,30,22,22,30,19,11,8
98,q_learning,random,J0,30,24,24,30,20,15,5
99,q_learning,random,J0,30,22,22,30,24,18,6
100,q_learning,random,J0,30,23,23,30,26,19,7
101,q_learning,random,J1,8,30,30,8,8,6,2
102,q_learning,random,J0,30,26,26,30,22,12,10
103,q_learning,random,J0,30,21,21,30,18,13,5
104,q_learning,random,J0,30,7,7,30,10,8,2
105,q_learning,random,J0,30,8,8,30,5,2,3
106,q_learning,random,J0,30,23,23,30,22,15,7
107,q_learning,random,J0,30,5,5,30,10,8,2
108,q_learning,random,J0,30,4,4,30,3,1,2
109,q_learning,random,J0,30,13,13,30,10,5,5
110,q_learning,random,J0,30,19,19,30,15,12,3
111,q_learning,random,J0,30,27,27,30,16,12,4
112,q_learning,random,J0,30,15,15,30,14,9,5
113,q_learning,random,J0,30,28,28,30,21,13,8
114,q_learning,random,J0,30,8,8,30,14,11,3
115,q_learning,random,J0,30,24,24,30,24,14,10
116,q_learning,random,J0,30,23,23,30,23,16,7
117,q_learning,random,J0,30,17,17,30,15,15,0
118,q_learning,random,J0,30,0,0,30,1,1,0
119,q_learning,random,J0,30,10,10,30,17,14,3
120,q_learning,random,J0,30,18,18,30,18,14,4
121,q_learning,random,J0,30,10,10,30,12,10,2
122,q_learning,random,J0,30,9,9,30,14,13,1
123,q_learning,random,J1,17,30,30,17,19,12,7
124,q_learning,random,J0,30,17,17,30,16,10,6
125,q_learning,random,J0,30,24,24,30,21,13,8
126,q_learning,random,J0,30,13,13,30,12,10,2
127,q_learning,random,J1,15,30,30,15,14,8,6
128,q_learning,random,J0,30,26,26,30,19,12,7
129,q_learning,random,J0,30,25,25,30,19,14,5
130,q_learning,random,J0,30,12,12,30,19,14,5
131,q_learning,random,J0,30,4,4,30,3,1,2
132,q_learning,random,J0,30,24,24,30,25,16,9
133,q_learning,random,J0,30,2,2,30,2,1,1
134,q_learning,random,J0,30,8,8,30,15,12,3
135,q_learning,random,J0,30,7,7,30,14,12,2
136,q_learning,random,J0,30,8,8,30,12,11,1
137,q_learning,random,J0,30,1,1,30,3,2,1
138,q_learning,random,J1,14,30,30,14,6,5,1
139,q_learning,random,J0,30,25,25,30,20,13,7
140,q_learning,random,J0,30,22,22,30,20,11,9
141,q_learning,random,J0,30,16,16,30,11,7,4
142,q_learning,random,J0,30,17,17,30,15,9,6
143,q_learning,random,J0,30,16,16,30,17,12,5
144,q_learning,random,J0,30,14,14,30,17,13,4
145,q_learning,random,J1,5,30,30,5,7,4,3
146,q_learning,random,J0,30,18,18,30,17,10,7
147,q_learning,random,J0,30,5,5,30,7,5,2
148,q_learning,random,J0,30,26,26,30,21,13,8
149,q_learning,random,J0,30,22,22,30,19,14,5
150,q_learning,random,J1,27,30,30,27,21,13,8
151,q_learning,random,J0,30,0,0,30,0,0,0
152,q_learning,random,J0,30,12,12,30,16,12,4
153,q_learning,random,J1,29,30,30,29,22,15,7
154,q_learning,random,J0,30,13,13,30,18,15,3
155,q_learning,random,J0,30,20,20,30,17,13,4
156,q_learning,random,J0,30,21,21,30,17,11,6
157,q_learning,random,J0,30,13,13,30,17,13,4
158,q_learning,random,J0,30,29,29,30,23,13,10
159,q_learning,random,J0,30,21,21,30,16,8,8
160,q_learning,random,J0,30,4,4,30,2,1,1
161,q_learning,random,J0,30,26,26,30,25,14,11
162,q_learning,random,J0,30,10,10,30,14,12,2
163,q_learning,random,J0,30,12,12,30,9,4,5
164,q_learning,random,J1,18,30,30,18,12,8,4
165,q_learning,random,J0,30,22,22,30,22,15,7
166,q_learning,random,J0,30,19,19,30,23,17,6
167,q_learning,random,J0,30,20,20,30,25,16,9
168,q_learning,random,J0,30,21,21,30,23,17,6
169,q_learning,random,J1,25,30,30,25,20,11,9
170,q_learning,random,J1,25,30,30,25,19,15,4
171,q_learning,random,J1,7,30,30,7,9,3,6
172,q_learning,random,J1,6,30,30,6,6,5,1
173,q_learning,random,J0,30,13,13,30,10,5,5
174,q_learning,random,J0,30,11,11,30,21,17,4
175,q_learning,random,J0,30,26,26,30,17,10,7
176,q_learning,random,J0,30,28,28,30,21,12,9
177,q_learning,random,J1,23,30,30,23,23,14,9
178,q_learning,random,J0,30,12,12,30,13,12,1
179,q_learning,random,J0,30,21,21,30,24,16,8
180,q_learning,random,J0,30,10,10,30,9,6,3
181,q_learning,random,J0,30,13,13,30,13,8,5
182,q_learning,random,J0,30,14,14,30,15,11,4
183,q_learning,random,J1,24,30,30,24,18,14,4
184,q_learning,random,J0,30,10,10,30,9,7,2
185,q_learning,random,J0,30,23,23,30,22,16,6
186,q_learning,random,J1,0,30,30,0,1,0,1
187,q_learning,random,J0,30,24,24,30,24,17,7
188,q_learning,random,J0,30,15,15,30,17,14,3
189,q_learning,random,J0,30,29,29,30,24,12,12
190,q_learning,random,J0,30,24,24,30,23,15,8
191,q_learning,random,J0,30,27,27,30,26,18,8
192,q_learning,random,J0,30,18,18,30,20,14,6
193,q_learning,random,J0,30,10,10,30,15,12,3
194,q_learning,random,J0,30,1,1,30,3,2,1
195,q_learning,random,J0,30,9,9,30,5,4,1
196,q_learning,random,J0,30,13,13,30,16,10,6
197,q_learning,random,J1,24,30,30,24,25,18,7
198,q_learning,random,J1,4,30,30,4,5,3,2
199,q_learning,random,J0,30,15,15,30,17,12,5
200,q_learning,random,J1,3,30,30,3,2,2,0
201,q_learning,random,J0,30,10,10,30,13,11,2
202,q_learning,random,J0,30,26,26,30,24,17,7
203,q_learning,random,J0,30,14,14,30,14,11,3
204,q_learning,random,J0,30,26,26,30,27,17,10
205,q_learning,random,J1,7,30,30,7,11,5,6
206,q_learning,random,J0,30,10,10,30,10,7,3
207,q_learning,random,J1,20,30,30,20,17,13,4
208,q_learning,random,J0,30,12,12,30,15,13,2
209,q_learning,random,J0,30,25,25,30,22,17,5
210,q_learning,random,J0,30,10,10,30,12,7,5
211,q_learning,random,J0,30,16,16,30,17,11,6
212,q_learning,random,J1,14,30,30,14,20,10,10
213,q_learning,random,J0,30,22,22,30,23,18,5
214,q_learning,random,J1,10,30,30,10,12,6,6
215,q_learning,random,J0,30,7,7,30,4,1,3
216,q_learning,random,J1,25,30,30,25,25,13,12
217,q_learning,random,J1,25,30,30,25,22,14,8
218,q_learning,random,J0,30,16,16,30,15,10,5
219,q_learning,random,J0,30,21,21,30,21,13,8
220,q_learning,random,J0,30,3,3,30,2,2,0
221,q_learning,random,J0,30,14,14,30,18,14,4
222,q_learning,random,J1,11,30,30,11,14,5,9
223,q_learning,random,J1,17,30,30,17,20,10,10
224,q_learning,random,J0,30,2,2,30,1,0,1
225,q_learning,random,J0,30,16,16,30,17,11,6
226,q_learning,random,J0,30,22,22,30,17,12,5
227,q_learning,random,J0,30,20,20,30,20,13,7
228,q_learning,random,J0,30,24,24,30,19,10,9
229,q_learning,random,J0,30,8,8,30,11,8,3
230,q_learning,random,J0,30,17,17,30,22,16,6
231,q_learning,random,J0,30,10,10,30,13,6,7
232,q_learning,random,J0,30,6,6,30,8,5,3
233,q_learning,random,J0,30,3,3,30,4,3,1
234,q_learning,random,J0,30,9,9,30,8,3,5
235,q_learning,random,J0,30,20,20,30,22,16,6
236,q_learning,random,J0,30,25,25,30,21,9,12
237,q_learning,random,J0,30,26,26,30,23,11,12
238,q_learning,random,J0,30,16,16,30,15,11,4
239,q_learning,random,J1,21,30,30,21,19,10,9
240,q_learning,random,J0,30,10,10,30,13,11,2
241,q_learning,random,J0,30,20,20,30,18,12,6
242,q_learning,random,J0,30,22,22,30,14,8,6
243,q_learning,random,J0,30,7,7,30,4,2,2
244,q_learning,random,J1,4,30,30,4,3,3,0
245,q_learning,random,J0,30,0,0,30,0,0,0
246,q_learning,random,J1,11,30,30,11,11,8,3
247,q_learning,random,J0,30,18,18,30,23,17,6
248,q_learning,random,J0,30,17,17,30,15,10,5
249,q_learning,random,J0,30,24,24,30,20,15,5
250,q_learning,random,J1,24,30,30,24,21,11,10
251,q_learning,random,J0,30,22,22,30,18,14,4
252,q_learning,random,J1,19,30,30,19,16,10,6
253,q_learning,random,J0,30,13,13,30,14,10,4
254,q_learning,random,J0,30,9,9,30,11,7,4
255,q_learning,random,J0,30,19,19,30,19,10,9
256,q_learning,random,J0,30,9,9,30,17,12,5
257,q_learning,random,J0,30,6,6,30,7,4,3
258,q_learning,random,J0,30,16,16,30,21,12,9
259,q_learning,random,J0,30,4,4,30,5,3,2
260,q_learning,random,J0,30,20,20,30,14,8,6
261,q_learning,random,J0,30,24,24,30,21,11,10
262,q_learning,random,J1,25,30,30,25,17,10,7
263,q_learning,random,J1,2,30,30,2,4,1,3
264,q_learning,random,J1,21,30,30,21,22,12,10
265,q_learning,random,J0,30,7,7,30,10,6,4
266,q_learning,random,J1,24,30,30,24,13,9,4
267,q_learning,random,J1,25,30,30,25,23,14,9
268,q_learning,random,J1,28,30,30,28,21,11,10
269,q_learning,random,J0,30,25,25,30,26,15,11
270,q_learning,random,J0,30,29,29,30,22,15,7
271,q_learning,random,J0,30,26,26,30,21,14,7
272,q_learning,random,J0,30,27,27,30,23,16,7
273,q_learning,random,J0,30,18,18,30,16,10,6
274,q_learning,random,J0,30,20,20,30,26,18,8
275,q_learning,random,J0,30,0,0,30,0,0,0
276,q_learning,random,J0,30,13,13,30,18,15,3
277,q_learning,random,J0,30,8,8,30,8,7,1
278,q_learning,random,J0,30,15,15,30,16,10,6
279,q_learning,random,J0,30,13,13,30,14,9,5
280,q_learning,random,J0,30,16,16,30,14,11,3
281,q_learning,random,J1,23,30,30,23,21,12,9
282,q_learning,random,J0,30,27,27,30,24,14,10
283,q_learning,random,J1,0,30,30,0,1,0,1
284,q_learning,random,J0,30,5,5,30,2,0,2
285,q_learning,random,J0,30,18,18,30,16,9,7
286,q_learning,random,J0,30,15,15,30,13,8,5
287,q_learning,random,J0,30,25,25,30,22,14,8
288,q_learning,random,J0,30,29,29,30,22,13,9
289,q_learning,random,J0,30,26,26,30,23,14,9
290,q_learning,random,J0,30,26,26,30,23,14,9
291,q_learning,random,J0,30,19,19,30,21,13,8
292,q_learning,random,J0,30,29,29,30,27,18,9
293,q_learning,random,J0,30,18,18,30,16,12,4
294,q_learning,random,J0,30,26,26,30,22,16,6
295,q_learning,random,J0,30,26,26,30,20,12,8
296,q_learning,random,J0,30,12,12,30,19,15,4
297,q_learning,random,J0,30,9,9,30,11,8,3
298,q_learning,random,J0,30,5,5,30,10,8,2
299,q_learning,random,J0,30,11,11,30,10,5,5
300,q_learning,random,J0,30,2,2,30,2,1,1
301,q_learning,random,J0,30,10,10,30,18,14,4
302,q_learning,random,J0,30,26,26,30,19,11,8
303,q_learning,random,J1,4,30,30,4,3,3,0
304,q_learning,random,J0,30,17,17,30,16,12,4
305,q_learning,random,J0,30,20,20,30,20,16,4
306,q_learning,random,J1,25,30,30,25,18,14,4
307,q_learning,random,J0,30,6,6,30,8,6,2
308,q_learning,random,J0,30,18,18,30,19,12,7
309,q_learning,random,J0,30,25,25,30,22,16,6
310,q_learning,random,J0,30,16,16,30,14,8,6
311,q_learning,random,J0,30,22,22,30,20,12,8
312,q_learning,random,J1,15,30,30,15,9,5,4
313,q_learning,random,J0,30,3,3,30,2,0,2
314,q_learning,random,J1,14,30,30,14,12,5,7
315,q_learning,random,J0,30,15,15,30,16,8,8
316,q_learning,random,J1,28,30,30,28,24,14,10
317,q_learning,random,J1,0,30,30,0,1,0,1
318,q_learning,random,J0,30,26,26,30,21,13,8
319,q_learning,random,J0,30,20,20,30,21,16,5
320,q_learning,random,J0,30,16,16,30,21,14,7
321,q_learning,random,J0,30,14,14,30,21,13,8
322,q_learning,random,J0,30,29,29,30,13,10,3
323,q_learning,random,J0,30,10,10,30,13,11,2
324,q_learning,random,J0,30,1,1,30,2,1,1
325,q_learning,random,J0,30,9,9,30,7,4,3
326,q_learning,random,J0,30,14,14,30,19,13,6
327,q_learning,random,J1,18,30,30,18,21,13,8
328,q_learning,random,J0,30,18,18,30,18,12,6
329,q_learning,random,J1,22,30,30,22,10,9,1
330,q_learning,random,J0,30,6,6,30,6,3,3
331,q_learning,random,J1,0,30,30,0,2,0,2
332,q_learning,random,J0,30,13,13,30,17,15,2
333,q_learning,random,J0,30,4,4,30,9,9,0
334,q_learning,random,J0,30,3,3,30,3,3,0
335,q_learning,random,J0,30,1,1,30,1,0,1
336,q_learning,random,J0,30,18,18,30,11,6,5
337,q_learning,random,J0,30,27,27,30,29,16,13
338,q_learning,random,J0,30,7,7,30,15,11,4
339,q_learning,random,J1,5,30,30,5,8,3,5
340,q_learning,random,J0,30,26,26,30,26,15,11
341,q_learning,random,J0,30,0,0,30,0,0,0
342,q_learning,random,J0,30,24,24,30,20,9,11
343,q_learning,random,J0,30,17,17,30,16,9,7
344,q_learning,random,J0,30,4,4,30,5,2,3
345,q_learning,random,J0,30,23,23,30,22,14,8
346,q_learning,random,J0,30,23,23,30,20,15,5
347,q_learning,random,J0,30,20,20,30,21,14,7
348,q_learning,random,J0,30,22,22,30,22,19,3
349,q_learning,random,J0,30,12,12,30,12,10,2
350,q_learning,random,J0,30,26,26,30,23,15,8
351,q_learning,random,J0,30,23,23,30,22,13,9
352,q_learning,random,J1,29,30,30,29,17,13,4
353,q_learning,random,J1,5,30,30,5,8,3,5
354,q_learning,random,J0,30,8,8,30,13,10,3
355,q_learning,random,J1,9,30,30,9,13,5,8
356,q_learning,random,J0,30,19,19,30,21,15,6
357,q_learning,random,J0,30,20,20,30,21,12,9
358,q_learning,random,J0,30,7,7,30,4,1,3
359,q_learning,random,J1,18,30,30,18,15,10,5
360,q_learning,random,J1,6,30,30,6,3,3,0
361,q_learning,random,J0,30,22,22,30,18,14,4
362,q_learning,random,J1,16,30,30,16,17,10,7
363,q_learning,random,J0,30,19,19,30,17,14,3
364,q_learning,random,J0,30,6,6,30,12,8,4
365,q_learning,random,J0,30,29,29,30,23,16,7
366,q_learning,random,J0,30,23,23,30,23,18,5
367,q_learning,random,J1,11,30,30,11,13,6,7
368,q_learning,random,J0,30,16,16,30,19,16,3
369,q_learning,random,J0,30,16,16,30,24,17,7
370,q_learning,random,J0,30,21,21,30,23,15,8
371,q_learning,random,J0,30,28,28,30,19,10,9
372,q_learning,random,J0,30,9,9,30,8,5,3
373,q_learning,random,J0,30,29,29,30,26,16,10
374,q_learning,random,J0,30,20,20,30,24,17,7
375,q_learning,random,J0,30,19,19,30,21,15,6
376,q_learning,random,J0,30,21,21,30,24,16,8
377,q_learning,random,J0,30,10,10,30,8,3,5
378,q_learning,random,J1,7,30,30,7,6,5,1
379,q_learning,random,J0,30,0,0,30,0,0,0
380,q_learning,random,J0,30,16,16,30,16,13,3
381,q_learning,random,J0,30,15,15,30,14,8,6
382,q_learning,random,J0,30,22,22,30,18,9,9
383,q_learning,random,J0,30,26,26,30,23,14,9
384,q_learning,random,J1,0,30,30,0,1,0,1
385,q_learning,random,J0,30,1,1,30,7,6,1
386,q_learning,random,J0,30,25,25,30,23,16,7
387,q_learning,random,J0,30,16,16,30,22,13,9
388,q_learning,random,J0,30,24,24,30,22,12,10
389,q_learning,random,J0,30,19,19,30,18,12,6
390,q_learning,random,J0,30,18,18,30,20,12,8
391,q_learning,random,J0,30,1,1,30,2,2,0
392,q_learning,random,J0,30,15,15,30,11,6,5
393,q_learning,random,J1,20,30,30,20,21,11,10
394,q_learning,random,J0,30,0,0,30,0,0,0
395,q_learning,random,J0,30,12,12,30,12,9,3
396,q_learning,random,J1,16,30,30,16,7,7,0
397,q_learning,random,J1,12,30,30,12,12,5,7
398,q_learning,random,J0,30,15,15,30,14,11,3
399,q_learning,random,J0,30,4,4,30,3,2,1
400,q_learning,random,J0,30,10,10,30,17,14,3
401,q_learning,random,J0,30,26,26,30,17,14,3
402,q_learning,random,J0,30,9,9,30,10,8,2
403,q_learning,random,J0,30,14,14,30,15,7,8
404,q_learning,random,J0,30,22,22,30,18,12,6
405,q_learning,random,J1,15,30,30,15,16,8,8
406,q_learning,random,J1,27,30,30,27,19,12,7
407,q_learning,random,J0,30,27,27,30,20,13,7
408,q_learning,random,J0,30,19,19,30,22,15,7
409,q_learning,random,J1,14,30,30,14,16,8,8
410,q_learning,random,J0,30,11,11,30,14,11,3
411,q_learning,random,J0,30,26,26,30,25,17,8
412,q_learning,random,J0,30,24,24,30,19,13,6
413,q_learning,random,J0,30,9,9,30,16,13,3
414,q_learning,random,J0,30,22,22,30,18,12,6
415,q_learning,random,J0,30,16,16,30,16,10,6
416,q_learning,random,J1,2,30,30,2,2,2,0
417,q_learning,random,J0,30,12,12,30,12,8,4
418,q_learning,random,J0,30,26,26,30,20,12,8
419,q_learning,random,J0,30,28,28,30,24,15,9
420,q_learning,random,J0,30,24,24,30,21,15,6
421,q_learning,random,J0,30,23,23,30,20,12,8
422,q_learning,random,J1,17,30,30,17,19,11,8
423,q_learning,random,J0,30,10,10,30,14,9,5
424,q_learning,random,J0,30,19,19,30,13,9,4
425,q_learning,random,J0,30,23,23,30,20,11,9
426,q_learning,random,J0,30,4,4,30,5,3,2
427,q_learning,random,J0,30,19,19,30,18,8,10
428,q_learning,random,J0,30,24,24,30,25,15,10
429,q_learning,random,J0,30,15,15,30,20,14,6
430,q_learning,random,J0,30,12,12,30,18,14,4
431,q_learning,random,J0,30,29,29,30,22,14,8
432,q_learning,random,J0,30,11,11,30,18,12,6
433,q_learning,random,J0,30,13,13,30,16,15,1
434,q_learning,random,J0,30,0,0,30,0,0,0
435,q_learning,random,J1,26,30,30,26,17,10,7
436,q_learning,random,J0,30,28,28,30,29,19,10
437,q_learning,random,J1,2,30,30,2,3,1,2
438,q_learning,random,J0,30,11,11,30,14,14,0
439,q_learning,random,J0,30,20,20,30,15,12,3
440,q_learning,random,J0,30,21,21,30,19,14,5
441,q_learning,random,J1,14,30,30,14,10,8,2
442,q_learning,random,J1,27,30,30,27,23,14,9
443,q_learning,random,J1,26,30,30,26,17,14,3
444,q_learning,random,J0,30,17,17,30,19,13,6
445,q_learning,random,J1,20,30,30,20,15,11,4
446,q_learning,random,J0,30,15,15,30,18,14,4
447,q_learning,random,J0,30,14,14,30,17,12,5
448,q_learning,random,J0,30,27,27,30,23,13,10
449,q_learning,random,J0,30,14,14,30,17,14,3
450,q_learning,random,J1,13,30,30,13,16,7,9
451,q_learning,random,J1,5,30,30,5,8,4,4
452,q_learning,random,J0,30,26,26,30,24,14,10
453,q_learning,random,J1,5,30,30,5,5,4,1
454,q_learning,random,J0,30,17,17,30,21,13,8
455,q_learning,random,J0,30,25,25,30,21,15,6
456,q_learning,random,J1,14,30,30,14,12,7,5
457,q_learning,random,J0,30,22,22,30,20,15,5
458,q_learning,random,J0,30,10,10,30,10,7,3
459,q_learning,random,J1,0,30,30,0,3,0,3
460,q_learning,random,J1,23,30,30,23,19,11,8
461,q_learning,random,J0,30,18,18,30,19,14,5
462,q_learning,random,J0,30,19,19,30,18,12,6
463,q_learning,random,J0,30,22,22,30,19,11,8
464,q_learning,random,J0,30,28,28,30,24,18,6
465,q_learning,random,J0,30,13,13,30,13,7,6
466,q_learning,random,J0,30,25,25,30,20,16,4
467,q_learning,random,J0,30,16,16,30,17,11,6
468,q_learning,random,J0,30,21,21,30,20,15,5
469,q_learning,random,J0,30,23,23,30,21,15,6
470,q_learning,random,J0,30,26,26,30,15,13,2
471,q_learning,random,J0,30,25,25,30,18,13,5
472,q_learning,random,J0,30,7,7,30,15,13,2
473,q_learning,random,J0,30,23,23,30,26,17,9
474,q_learning,random,J0,30,12,12,30,17,13,4
475,q_learning,random,J1,19,30,30,19,18,12,6
476,q_learning,random,J0,30,10,10,30,7,4,3
477,q_learning,random,J0,30,19,19,30,21,15,6
478,q_learning,random,J0,30,20,20,30,15,7,8
479,q_learning,random,J0,30,23,23,30,13,10,3
480,q_learning,random,J0,30,24,24,30,18,18,0
481,q_learning,random,J1,16,30,30,16,14,9,5
482,q_learning,random,J0,30,1,1,30,2,1,1
483,q_learning,random,J0,30,6,6,30,7,4,3
484,q_learning,random,J0,30,18,18,30,12,6,6
485,q_learning,random,J0,30,19,19,30,17,13,4
486,q_learning,random,J1,25,30,30,25,24,11,13
487,q_learning,random,J0,30,4,4,30,6,5,1
488,q_learning,random,J1,14,30,30,14,15,6,9
489,q_learning,random,J0,30,6,6,30,9,6,3
490,q_learning,random,J0,30,1,1,30,6,5,1
491,q_learning,random,J0,30,13,13,30,20,14,6
492,q_learning,random,J0,30,26,26,30,24,15,9
493,q_learning,random,J1,7,30,30,7,6,4,2
494,q_learning,random,J1,0,30,30,0,0,0,0
495,q_learning,random,J0,30,14,14,30,13,11,2
496,q_learning,random,J0,30,17,17,30,11,9,2
497,q_learning,random,J0,30,17,17,30,16,11,5
498,q_learning,random,J0,30,20,20,30,19,13,6
499,q_learning,random,J0,30,27,27,30,19,12,7
500,q_learning,random,J0,30,13,13,30,17,15,2
501,q_learning,random,J0,30,25,25,30,20,17,3
502,q_learning,random,J0,30,5,5,30,5,4,1
503,q_learning,random,J1,24,30,30,24,18,10,8
504,q_learning,random,J0,30,20,20,30,21,12,9
505,q_learning,random,J1,24,30,30,24,18,10,8
506,q_learning,random,J1,16,30,30,16,8,7,1
507,q_learning,random,J0,30,21,21,30,23,15,8
508,q_learning,random,J0,30,3,3,30,2,0,2
509,q_learning,random,J0,30,26,26,30,17,13,4
510,q_learning,random,J0,30,2,2,30,4,3,1
511,q_learning,random,J0,30,5,5,30,4,4,0
512,q_learning,random,J1,15,30,30,15,16,9,7
513,q_learning,random,J0,30,22,22,30,22,16,6
514,q_learning,random,J0,30,28,28,30,28,19,9
515,q_learning,random,J0,30,4,4,30,4,3,1
516,q_learning,random,J1,0,30,30,0,0,0,0
517,q_learning,random,J0,30,21,21,30,22,14,8
518,q_learning,random,J0,30,21,21,30,17,11,6
519,q_learning,random,J0,30,21,21,30,20,15,5
520,q_learning,random,J0,30,3,3,30,4,3,1
521,q_learning,random,J0,30,18,18,30,18,13,5
522,q_learning,random,J0,30,15,15,30,10,3,7
523,q_learning,random,J1,14,30,30,14,12,7,5
524,q_learning,random,J0,30,17,17,30,22,14,8
525,q_learning,random,J1,25,30,30,25,21,14,7
526,q_learning,random,J0,30,19,19,30,20,14,6
527,q_learning,random,J0,30,17,17,30,17,11,6
528,q_learning,random,J0,30,24,24,30,23,16,7
529,q_learning,random,J1,29,30,30,29,21,13,8
530,q_learning,random,J0,30,11,11,30,9,5,4
531,q_learning,random,J0,30,26,26,30,20,12,8
532,q_learning,random,J0,30,7,7,30,7,5,2
533,q_learning,random,J0,30,26,26,30,22,11,11
534,q_learning,random,J0,30,10,10,30,9,7,2
535,q_learning,random,J1,1,30,30,1,2,1,1
536,q_learning,random,J0,30,17,17,30,22,15,7
537,q_learning,random,J0,30,26,26,30,19,13,6
538,q_learning,random,J0,30,21,21,30,23,16,7
539,q_learning,random,J0,30,24,24,30,19,13,6
540,q_learning,random,J1,0,30,30,0,0,0,0
541,q_learning,random,J0,30,14,14,30,12,4,8
542,q_learning,random,J1,29,30,30,29,24,15,9
543,q_learning,random,J0,30,24,24,30,19,11,8
544,q_learning,random,J0,30,19,19,30,21,15,6
545,q_learning,random,J0,30,17,17,30,15,10,5
546,q_learning,random,J1,26,30,30,26,21,12,9
547,q_learning,random,J1,11,30,30,11,8,8,0
548,q_learning,random,J1,1,30,30,1,2,1,1
549,q_learning,random,J0,30,17,17,30,15,12,3
550,q_learning,random,J1,24,30,30,24,21,16,5
551,q_learning,random,J0,30,11,11,30,12,10,2
552,q_learning,random,J0,30,14,14,30,15,13,2
553,q_learning,random,J0,30,14,14,30,14,11,3
554,q_learning,random,J0,30,0,0,30,0,0,0
555,q_learning,random,J0,30,15,15,30,19,14,5
556,q_learning,random,J0,30,20,20,30,23,16,7
557,q_learning,random,J1,15,30,30,15,10,9,1
558,q_learning,random,J0,30,22,22,30,20,13,7
559,q_learning,random,J0,30,19,19,30,19,12,7
560,q_learning,random,J1,29,30,30,29,20,13,7
561,q_learning,random,J0,30,7,7,30,11,7,4
562,q_learning,random,J0,30,0,0,30,1,1,0
563,q_learning,random,J0,30,27,27,30,26,15,11
564,q_learning,random,J0,30,7,7,30,6,6,0
565,q_learning,random,J0,30,12,12,30,18,13,5
566,q_learning,random,J0,30,24,24,30,20,14,6
567,q_learning,random,J0,30,29,29,30,20,13,7
568,q_learning,random,J1,7,30,30,7,3,2,1
569,q_learning,random,J0,30,8,8,30,17,15,2
570,q_learning,random,J1,0,30,30,0,0,0,0
571,q_learning,random,J0,30,16,16,30,20,19,1
572,q_learning,random,J1,11,30,30,11,5,5,0
573,q_learning,random,J0,30,2,2,30,3,2,1
574,q_learning,random,J0,30,21,21,30,22,14,8
575,q_learning,random,J0,30,14,14,30,14,10,4
576,q_learning,random,J0,30,25,25,30,19,14,5
577,q_learning,random,J0,30,8,8,30,15,12,3
578,q_learning,random,J0,30,16,16,30,15,13,2
579,q_learning,random,J0,30,2,2,30,9,8,1
580,q_learning,random,J0,30,16,16,30,18,16,2
581,q_learning,random,J1,24,30,30,24,25,16,9
582,q_learning,random,J0,30,10,10,30,11,8,3
583,q_learning,random,J0,30,14,14,30,12,10,2
584,q_learning,random,J0,30,8,8,30,17,15,2
585,q_learning,random,J0,30,18,18,30,15,11,4
586,q_learning,random,J0,30,26,26,30,20,12,8
587,q_learning,random,J0,30,24,24,30,15,11,4
588,q_learning,random,J0,30,16,16,30,18,14,4
589,q_learning,random,J1,8,30,30,8,14,6,8
590,q_learning,random,J0,30,3,3,30,4,2,2
591,q_learning,random,J1,23,30,30,23,21,12,9
592,q_learning,random,J1,7,30,30,7,13,7,6
593,q_learning,random,J1,1,30,30,1,3,1,2
594,q_learning,random,J0,30,12,12,30,13,12,1
595,q_learning,random,J1,1,30,30,1,3,1,2
596,q_learning,random,J1,19,30,30,19,18,12,6
597,q_learning,random,J0,30,23,23,30,21,13,8
598,q_learning,random,J0,30,9,9,30,5,3,2
599,q_learning,random,J1,26,30,30,26,18,13,5
600,q_learning,random,J0,30,13,13,30,9,5,4
601,q_learning,random,J0,30,13,13,30,13,11,2
602,q_learning,random,J0,30,4,4,30,4,2,2
603,q_learning,random,J1,6,30,30,6,8,6,2
604,q_learning,random,J0,30,20,20,30,21,15,6
605,q_learning,random,J0,30,21,21,30,21,14,7
606,q_learning,random,J0,30,1,1,30,3,2,1
607,q_learning,random,J0,30,24,24,30,20,16,4
608,q_learning,random,J0,30,18,18,30,15,9,6
609,q_learning,random,J0,30,14,14,30,17,11,6
610,q_learning,random,J0,30,4,4,30,3,2,1
611,q_learning,random,J0,30,8,8,30,15,13,2
612,q_learning,random,J1,0,30,30,0,0,0,0
613,q_learning,random,J0,30,12,12,30,17,12,5
614,q_learning,random,J0,30,0,0,30,1,1,0
615,q_learning,random,J0,30,26,26,30,26,16,10
616,q_learning,random,J0,30,17,17,30,19,14,5
617,q_learning,random,J1,0,30,30,0,0,0,0
618,q_learning,random,J0,30,6,6,30,8,4,4
619,q_learning,random,J0,30,22,22,30,20,12,8
620,q_learning,random,J0,30,14,14,30,22,15,7
621,q_learning,random,J0,30,15,15,30,19,12,7
622,q_learning,random,J0,30,19,19,30,21,14,7
623,q_learning,random,J0,30,18,18,30,22,15,7
624,q_learning,random,J0,30,21,21,30,24,16,8
625,q_learning,random,J0,30,11,11,30,13,9,4
626,q_learning,random,J1,11,30,30,11,11,8,3
627,q_learning,random,J0,30,15,15,30,20,18,2
628,q_learning,random,J0,30,27,27,30,26,18,8
629,q_learning,random,J0,30,17,17,30,17,10,7
630,q_learning,random,J0,30,18,18,30,18,15,3
631,q_learning,random,J0,30,26,26,30,19,12,7
632,q_learning,random,J1,22,30,30,22,23,15,8
633,q_learning,random,J1,7,30,30,7,4,4,0
634,q_learning,random,J1,11,30,30,11,15,9,6
635,q_learning,random,J1,0,30,30,0,0,0,0
636,q_learning,random,J0,30,15,15,30,17,11,6
637,q_learning,random,J0,30,12,12,30,25,19,6
638,q_learning,random,J0,30,16,16,30,20,14,6
639,q_learning,random,J0,30,17,17,30,16,9,7
640,q_learning,random,J0,30,17,17,30,15,9,6
641,q_learning,random,J0,30,22,22,30,21,16,5
642,q_learning,random,J0,30,23,23,30,21,10,11
643,q_learning,random,J0,30,21,21,30,20,14,6
644,q_learning,random,J1,29,30,30,29,25,18,7
645,q_learning,random,J0,30,20,20,30,25,17,8
646,q_learning,random,J0,30,17,17,30,20,11,9
647,q_learning,random,J0,30,14,14,30,17,14,3
648,q_learning,random,J0,30,1,1,30,1,1,0
649,q_learning,random,J0,30,21,21,30,18,15,3
650,q_learning,random,J1,28,30,30,28,28,13,15
651,q_learning,random,J1,6,30,30,6,9,3,6
652,q_learning,random,J1,2,30,30,2,2,1,1
653,q_learning,random,J0,30,11,11,30,11,8,3
654,q_learning,random,J1,9,30,30,9,5,4,1
655,q_learning,random,J0,30,14,14,30,16,12,4
656,q_learning,random,J0,30,12,12,30,17,10,7
657,q_learning,random,J0,30,17,17,30,13,9,4
658,q_learning,random,J1,20,30,30,20,17,12,5
659,q_learning,random,J0,30,0,0,30,0,0,0
660,q_learning,random,J0,30,16,16,30,15,14,1
661,q_learning,random,J0,30,12,12,30,20,13,7
662,q_learning,random,J0,30,29,29,30,17,11,6
663,q_learning,random,J0,30,16,16,30,16,9,7
664,q_learning,random,J0,30,12,12,30,12,9,3
665,q_learning,random,J0,30,0,0,30,0,0,0
666,q_learning,random,J0,30,1,1,30,2,2,0
667,q_learning,random,J0,30,16,16,30,19,13,6
668,q_learning,random,J0,30,16,16,30,24,16,8
669,q_learning,random,J0,30,10,10,30,15,9,6
670,q_learning,random,J0,30,23,23,30,20,8,12
671,q_learning,random,J0,30,3,3,30,3,2,1
672,q_learning,random,J0,30,0,0,30,1,1,0
673,q_learning,random,J0,30,26,26,30,23,13,10
674,q_learning,random,J1,27,30,30,27,20,12,8
675,q_learning,random,J0,30,10,10,30,16,16,0
676,q_learning,random,J0,30,14,14,30,17,12,5
677,q_learning,random,J0,30,14,14,30,18,12,6
678,q_learning,random,J0,30,25,25,30,24,17,7
679,q_learning,random,J0,30,18,18,30,23,15,8
680,q_learning,random,J0,30,21,21,30,23,16,7
681,q_learning,random,J1,0,30,30,0,0,0,0
682,q_learning,random,J0,30,24,24,30,14,10,4
683,q_learning,random,J0,30,25,25,30,21,13,8
684,q_learning,random,J1,22,30,30,22,21,11,10
685,q_learning,random,J0,30,17,17,30,18,11,7
686,q_learning,random,J0,30,19,19,30,24,17,7
687,q_learning,random,J0,30,28,28,30,21,14,7
688,q_learning,random,J0,30,10,10,30,9,5,4
689,q_learning,random,J0,30,26,26,30,25,14,11
690,q_learning,random,J0,30,27,27,30,22,15,7
691,q_learning,random,J0,30,14,14,30,14,9,5
692,q_learning,random,J0,30,0,0,30,0,0,0
693,q_learning,random,J0,30,14,14,30,19,13,6
694,q_learning,random,J0,30,16,16,30,18,10,8
695,q_learning,random,J0,30,27,27,30,19,10,9
696,q_learning,random,J0,30,21,21,30,22,13,9
697,q_learning,random,J1,12,30,30,12,12,5,7
698,q_learning,random,J0,30,15,15,30,17,12,5
699,q_learning,random,J0,30,18,18,30,18,16,2
700,q_learning,random,J1,17,30,30,17,18,11,7
701,q_learning,random,J0,30,7,7,30,7,3,4
702,q_learning,random,J0,30,18,18,30,20,14,6
703,q_learning,random,J0,30,20,20,30,12,7,5
704,q_learning,random,J0,30,11,11,30,10,7,3
705,q_learning,random,J0,30,12,12,30,18,16,2
706,q_learning,random,J0,30,16,16,30,21,17,4
707,q_learning,random,J0,30,5,5,30,5,2,3
708,q_learning,random,J0,30,17,17,30,22,15,7
709,q_learning,random,J0,30,27,27,30,25,13,12
710,q_learning,random,J0,30,21,21,30,19,15,4
711,q_learning,random,J1,18,30,30,18,14,12,2
712,q_learning,random,J1,15,30,30,15,15,7,8
713,q_learning,random,J1,2,30,30,2,3,2,1
714,q_learning,random,J0,30,13,13,30,12,9,3
715,q_learning,random,J0,30,15,15,30,17,12,5
716,q_learning,random,J1,0,30,30,0,1,0,1
717,q_learning,random,J0,30,27,27,30,19,13,6
718,q_learning,random,J0,30,18,18,30,18,13,5
719,q_learning,random,J0,30,25,25,30,20,14,6
720,q_learning,random,J1,1,30,30,1,1,1,0
721,q_learning,random,J0,30,8,8,30,7,4,3
722,q_learning,random,J0,30,2,2,30,2,1,1
723,q_learning,random,J0,30,21,21,30,20,16,4
724,q_learning,random,J0,30,19,19,30,15,10,5
725,q_learning,random,J0,30,15,15,30,16,11,5
726,q_learning,random,J0,30,16,16,30,19,15,4
727,q_learning,random,J0,30,9,9,30,8,6,2
728,q_learning,random,J0,30,22,22,30,19,12,7
729,q_learning,random,J0,30,11,11,30,14,11,3
730,q_learning,random,J0,30,19,19,30,20,15,5
731,q_learning,random,J0,30,26,26,30,23,13,10
732,q_learning,random,J0,30,14,14,30,22,17,5
733,q_learning,random,J1,16,30,30,16,12,6,6
734,q_learning,random,J0,30,14,14,30,12,6,6
735,q_learning,random,J0,30,22,22,30,20,12,8
736,q_learning,random,J0,30,19,19,30,18,11,7
737,q_learning,random,J0,30,23,23,30,19,12,7
738,q_learning,random,J0,30,16,16,30,16,10,6
739,q_learning,random,J1,16,30,30,16,19,8,11
740,q_learning,random,J1,21,30,30,21,19,11,8
741,q_learning,random,J0,30,1,1,30,1,1,0
742,q_learning,random,J0,30,28,28,30,27,16,11
743,q_learning,random,J0,30,11,11,30,15,13,2
744,q_learning,random,J0,30,12,12,30,17,15,2
745,q_learning,random,J0,30,19,19,30,19,11,8
746,q_learning,random,J0,30,20,20,30,17,11,6
747,q_learning,random,J1,13,30,30,13,11,7,4
748,q_learning,random,J1,12,30,30,12,11,8,3
749,q_learning,random,J0,30,26,26,30,19,13,6
750,q_learning,random,J1,7,30,30,7,6,5,1
751,q_learning,random,J0,30,14,14,30,16,13,3
752,q_learning,random,J0,30,28,28,30,25,13,12
753,q_learning,random,J0,30,25,25,30,22,15,7
754,q_learning,random,J0,30,25,25,30,22,15,7
755,q_learning,random,J0,30,10,10,30,15,11,4
756,q_learning,random,J0,30,19,19,30,19,13,6
757,q_learning,random,J0,30,24,24,30,30,22,8
758,q_learning,random,J0,30,15,15,30,15,11,4
759,q_learning,random,J0,30,21,21,30,22,15,7
760,q_learning,random,J1,15,30,30,15,12,8,4
761,q_learning,random,J0,30,18,18,30,19,10,9
762,q_learning,random,J0,30,20,20,30,24,14,10
763,q_learning,random,J0,30,10,10,30,15,10,5
764,q_learning,random,J0,30,21,21,30,20,14,6
765,q_learning,random,J0,30,24,24,30,26,19,7
766,q_learning,random,J0,30,12,12,30,20,17,3
767,q_learning,random,J0,30,4,4,30,3,1,2
768,q_learning,random,J0,30,23,23,30,20,15,5
769,q_learning,random,J1,13,30,30,13,6,6,0
770,q_learning,random,J0,30,18,18,30,20,12,8
771,q_learning,random,J0,30,25,25,30,29,21,8
772,q_learning,random,J0,30,5,5,30,14,11,3
773,q_learning,random,J1,24,30,30,24,23,14,9
774,q_learning,random,J0,30,26,26,30,17,7,10
775,q_learning,random,J0,30,26,26,30,19,8,11
776,q_learning,random,J1,5,30,30,5,3,1,2
777,q_learning,random,J1,3,30,30,3,8,1,7
778,q_learning,random,J0,30,10,10,30,15,13,2
779,q_learning,random,J0,30,18,18,30,18,15,3
780,q_learning,random,J0,30,12,12,30,8,4,4
781,q_learning,random,J0,30,13,13,30,16,12,4
782,q_learning,random,J0,30,5,5,30,4,3,1
783,q_learning,random,J1,5,30,30,5,5,4,1
784,q_learning,random,J1,2,30,30,2,4,2,2
785,q_learning,random,J0,30,19,19,30,18,11,7
786,q_learning,random,J0,30,15,15,30,19,14,5
787,q_learning,random,J0,30,21,21,30,20,16,4
788,q_learning,random,J0,30,8,8,30,6,1,5
789,q_learning,random,J1,19,30,30,19,18,8,10
790,q_learning,random,J0,30,21,21,30,21,13,8
791,q_learning,random,J1,22,30,30,22,19,9,10
792,q_learning,random,J0,30,29,29,30,13,10,3
793,q_learning,random,J1,18,30,30,18,12,8,4
794,q_learning,random,J0,30,14,14,30,15,9,6
795,q_learning,random,J1,1,30,30,1,1,1,0
796,q_learning,random,J0,30,15,15,30,14,9,5
797,q_learning,random,J0,30,24,24,30,22,13,9
798,q_learning,random,J1,22,30,30,22,21,12,9
799,q_learning,random,J0,30,12,12,30,12,9,3
800,q_learning,random,J0,30,19,19,30,13,11,2
801,q_learning,random,J0,30,15,15,30,12,10,2
802,q_learning,random,J1,7,30,30,7,7,4,3
803,q_learning,random,J0,30,22,22,30,14,6,8
804,q_learning,random,J0,30,10,10,30,18,13,5
805,q_learning,random,J1,21,30,30,21,19,10,9
806,q_learning,random,J0,30,20,20,30,18,9,9
807,q_learning,random,J1,15,30,30,15,15,6,9
808,q_learning,random,J0,30,20,20,30,19,11,8
809,q_learning,random,J0,30,22,22,30,21,10,11
810,q_learning,random,J1,14,30,30,14,5,5,0
811,q_learning,random,J0,30,18,18,30,19,12,7
812,q_learning,random,J0,30,26,26,30,29,18,11
813,q_learning,random,J0,30,15,15,30,18,13,5
814,q_learning,random,J0,30,20,20,30,20,13,7
815,q_learning,random,J1,21,30,30,21,17,9,8
816,q_learning,random,J0,30,20,20,30,20,14,6
817,q_learning,random,J0,30,8,8,30,8,6,2
818,q_learning,random,J1,22,30,30,22,19,15,4
819,q_learning,random,J1,26,30,30,26,25,14,11
820,q_learning,random,J1,27,30,30,27,28,18,10
821,q_learning,random,J0,30,23,23,30,23,16,7
822,q_learning,random,J0,30,24,24,30,20,12,8
823,q_learning,random,J0,30,17,17,30,18,14,4
824,q_learning,random,J1,14,30,30,14,19,9,10
825,q_learning,random,J0,30,11,11,30,18,13,5
826,q_learning,random,J1,10,30,30,10,8,5,3
827,q_learning,random,J0,30,16,16,30,11,5,6
828,q_learning,random,J0,30,6,6,30,10,9,1
829,q_learning,random,J1,21,30,30,21,16,9,7
830,q_learning,random,J0,30,27,27,30,13,10,3
831,q_learning,random,J0,30,20,20,30,16,10,6
832,q_learning,random,J0,30,15,15,30,19,14,5
833,q_learning,random,J0,30,20,20,30,22,11,11
834,q_learning,random,J1,12,30,30,12,13,5,8
835,q_learning,random,J1,25,30,30,25,22,11,11
836,q_learning,random,J0,30,22,22,30,17,10,7
837,q_learning,random,J1,0,30,30,0,1,0,1
838,q_learning,random,J0,30,26,26,30,27,20,7
839,q_learning,random,J0,30,22,22,30,22,16,6
840,q_learning,random,J0,30,23,23,30,19,15,4
841,q_learning,random,J0,30,13,13,30,21,15,6
842,q_learning,random,J0,30,27,27,30,27,15,12
843,q_learning,random,J0,30,19,19,30,12,9,3
844,q_learning,random,J1,29,30,30,29,21,19,2
845,q_learning,random,J0,30,28,28,30,23,13,10
846,q_learning,random,J1,14,30,30,14,17,6,11
847,q_learning,random,J1,21,30,30,21,11,8,3
848,q_learning,random,J0,30,17,17,30,14,8,6
849,q_learning,random,J1,29,30,30,29,22,14,8
850,q_learning,random,J0,30,10,10,30,18,15,3
851,q_learning,random,J1,0,30,30,0,0,0,0
852,q_learning,random,J1,12,30,30,12,14,6,8
853,q_learning,random,J0,30,20,20,30,17,10,7
854,q_learning,random,J0,30,27,27,30,21,14,7
855,q_learning,random,J1,1,30,30,1,1,1,0
856,q_learning,random,J0,30,26,26,30,24,13,11
857,q_learning,random,J0,30,26,26,30,17,13,4
858,q_learning,random,J0,30,12,12,30,16,11,5
859,q_learning,random,J0,30,24,24,30,22,16,6
860,q_learning,random,J1,4,30,30,4,6,3,3
861,q_learning,random,J0,30,1,1,30,2,1,1
862,q_learning,random,J0,30,16,16,30,23,15,8
863,q_learning,random,J0,30,19,19,30,23,16,7
864,q_learning,random,J0,30,22,22,30,20,14,6
865,q_learning,random,J1,26,30,30,26,27,18,9
866,q_learning,random,J0,30,27,27,30,26,19,7
867,q_learning,random,J1,13,30,30,13,9,6,3
868,q_learning,random,J0,30,24,24,30,22,14,8
869,q_learning,random,J1,6,30,30,6,8,4,4
870,q_learning,random,J0,30,15,15,30,14,11,3
871,q_learning,random,J0,30,19,19,30,21,13,8
872,q_learning,random,J0,30,19,19,30,17,10,7
873,q_learning,random,J0,30,25,25,30,29,20,9
874,q_learning,random,J0,30,13,13,30,16,10,6
875,q_learning,random,J0,30,12,12,30,13,9,4
876,q_learning,random,J0,30,18,18,30,21,14,7
877,q_learning,random,J0,30,7,7,30,4,2,2
878,q_learning,random,J0,30,12,12,30,19,15,4
879,q_learning,random,J0,30,26,26,30,21,10,11
880,q_learning,random,J1,0,30,30,0,0,0,0
881,q_learning,random,J0,30,10,10,30,9,3,6
882,q_learning,random,J0,30,27,27,30,23,15,8
883,q_learning,random,J0,30,3,3,30,4,4,0
884,q_learning,random,J0,30,20,20,30,20,11,9
885,q_learning,random,J0,30,26,26,30,28,19,9
886,q_learning,random,J0,30,24,24,30,20,13,7
887,q_learning,random,J1,11,30,30,11,7,4,3
888,q_learning,random,J0,30,13,13,30,21,13,8
889,q_learning,random,J0,30,3,3,30,2,1,1
890,q_learning,random,J0,30,16,16,30,19,13,6
891,q_learning,random,J0,30,27,27,30,25,18,7
892,q_learning,random,J0,30,12,12,30,13,9,4
893,q_learning,random,J0,30,18,18,30,15,12,3
894,q_learning,random,J0,30,17,17,30,22,17,5
895,q_learning,random,J0,30,21,21,30,18,13,5
896,q_learning,random,J1,10,30,30,10,8,4,4
897,q_learning,random,J0,30,15,15,30,21,18,3
898,q_learning,random,J1,3,30,30,3,2,2,0
899,q_learning,random,J0,30,8,8,30,5,2,3
900,q_learning,random,J0,30,18,18,30,18,14,4
901,q_learning,random,J1,21,30,30,21,19,10,9
902,q_learning,random,J0,30,26,26,30,22,17,5
903,q_learning,random,J1,24,30,30,24,18,13,5
904,q_learning,random,J0,30,3,3,30,15,14,1
905,q_learning,random,J0,30,6,6,30,4,3,1
906,q_learning,random,J0,30,19,19,30,18,11,7
907,q_learning,random,J0,30,23,23,30,21,14,7
908,q_learning,random,J0,30,13,13,30,13,8,5
909,q_learning,random,J0,30,15,15,30,17,11,6
910,q_learning,random,J0,30,11,11,30,19,17,2
911,q_learning,random,J0,30,20,20,30,22,17,5
912,q_learning,random,J0,30,10,10,30,13,10,3
913,q_learning,random,J0,30,19,19,30,20,16,4
914,q_learning,random,J0,30,24,24,30,27,18,9
915,q_learning,random,J0,30,11,11,30,14,12,2
916,q_learning,random,J0,30,19,19,30,23,14,9
917,q_learning,random,J0,30,14,14,30,11,8,3
918,q_learning,random,J0,30,0,0,30,1,1,0
919,q_learning,random,J1,23,30,30,23,22,12,10
920,q_learning,random,J0,30,20,20,30,18,12,6
921,q_learning,random,J1,18,30,30,18,6,6,0
922,q_learning,random,J0,30,22,22,30,22,14,8
923,q_learning,random,J0,30,17,17,30,15,11,4
924,q_learning,random,J0,30,20,20,30,21,14,7
925,q_learning,random,J0,30,21,21,30,18,9,9
926,q_learning,random,J0,30,19,19,30,15,11,4
927,q_learning,random,J0,30,12,12,30,14,13,1
928,q_learning,random,J0,30,12,12,30,14,10,4
929,q_learning,random,J0,30,26,26,30,19,17,2
930,q_learning,random,J0,30,20,20,30,17,10,7
931,q_learning,random,J0,30,27,27,30,25,17,8
932,q_learning,random,J0,30,22,22,30,18,11,7
933,q_learning,random,J1,19,30,30,19,19,9,10
934,q_learning,random,J0,30,22,22,30,19,14,5
935,q_learning,random,J1,26,30,30,26,23,16,7
936,q_learning,random,J0,30,19,19,30,21,16,5
937,q_learning,random,J0,30,26,26,30,19,11,8
938,q_learning,random,J0,30,1,1,30,3,2,1
939,q_learning,random,J1,23,30,30,23,27,14,13
940,q_learning,random,J0,30,12,12,30,16,12,4
941,q_learning,random,J0,30,29,29,30,10,10,0
942,q_learning,random,J0,30,0,0,30,4,4,0
943,q_learning,random,J0,30,26,26,30,20,10,10
944,q_learning,random,J0,30,19,19,30,18,13,5
945,q_learning,random,J0,30,7,7,30,7,4,3
946,q_learning,random,J0,30,26,26,30,24,17,7
947,q_learning,random,J0,30,17,17,30,19,13,6
948,q_learning,random,J1,8,30,30,8,11,7,4
949,q_learning,random,J0,30,14,14,30,18,15,3
950,q_learning,random,J1,25,30,30,25,11,8,3
951,q_learning,random,J1,6,30,30,6,5,2,3
952,q_learning,random,J0,30,22,22,30,21,12,9
953,q_learning,random,J0,30,8,8,30,15,12,3
954,q_learning,random,J0,30,18,18,30,18,12,6
955,q_learning,random,J0,30,10,10,30,11,8,3
956,q_learning,random,J0,30,18,18,30,22,15,7
957,q_learning,random,J0,30,13,13,30,12,8,4
958,q_learning,random,J0,30,14,14,30,19,14,5
959,q_learning,random,J0,30,26,26,30,24,15,9
960,q_learning,random,J0,30,18,18,30,19,14,5
961,q_learning,random,J0,30,24,24,30,19,15,4
962,q_learning,random,J0,30,27,27,30,23,15,8
963,q_learning,random,J0,30,27,27,30,17,12,5
964,q_learning,random,J0,30,19,19,30,23,15,8
965,q_learning,random,J0,30,20,20,30,15,9,6
966,q_learning,random,J0,30,22,22,30,20,15,5
967,q_learning,random,J1,15,30,30,15,15,8,7
968,q_learning,random,J0,30,8,8,30,6,4,2
969,q_learning,random,J1,21,30,30,21,19,12,7
970,q_learning,random,J0,30,9,9,30,11,8,3
971,q_learning,random,J0,30,21,21,30,18,13,5
972,q_learning,random,J0,30,22,22,30,15,10,5
973,q_learning,random,J0,30,25,25,30,23,17,6
974,q_learning,random,J0,30,25,25,30,22,13,9
975,q_learning,random,J1,11,30,30,11,15,3,12
976,q_learning,random,J1,25,30,30,25,24,15,9
977,q_learning,random,J0,30,7,7,30,15,13,2
978,q_learning,random,J0,30,13,13,30,12,7,5
979,q_learning,random,J0,30,28,28,30,19,16,3
980,q_learning,random,J0,30,4,4,30,6,5,1
981,q_learning,random,J0,30,28,28,30,23,16,7
982,q_learning,random,J1,23,30,30,23,22,10,12
983,q_learning,random,J0,30,13,13,30,12,2,10
984,q_learning,random,J1,25,30,30,25,22,13,9
985,q_learning,random,J1,1,30,30,1,1,1,0
986,q_learning,random,J0,30,25,25,30,22,14,8
987,q_learning,random,J0,30,27,27,30,17,12,5
988,q_learning,random,J0,30,22,22,30,24,14,10
989,q_learning,random,J0,30,5,5,30,12,10,2
990,q_learning,random,J0,30,29,29,30,19,12,7
991,q_learning,random,J0,30,23,23,30,18,15,3
992,q_learning,random,J0,30,7,7,30,5,1,4
993,q_learning,random,J0,30,27,27,30,24,13,11
994,q_learning,random,J0,30,12,12,30,15,11,4
995,q_learning,random,J0,30,9,9,30,13,8,5
996,q_learning,random,J0,30,6,6,30,13,12,1
997,q_learning,random,J0,30,27,27,30,15,8,7
998,q_learning,random,J1,22,30,30,22,17,12,5
999,q_learning,random,J0,30,23,23,30,21,15,6
1000,q_learning,random,J1,21,30,30,21,20,13,7
