game,agent_0,agent_1,q_table_j0,q_table_j1,winner,points_j0,points_j1,points_lost_j0,points_lost_j1,hands_played,hands_won_j0,hands_won_j1
1,random,sb3_league,N/A,N/A,J1,2,30,30,2,10,0,10
2,random,sb3_league,N/A,N/A,J1,9,30,30,9,10,2,8
3,random,sb3_league,N/A,N/A,J1,8,30,30,8,12,0,12
4,random,sb3_league,N/A,N/A,J1,11,30,30,11,11,0,11
5,random,sb3_league,N/A,N/A,J1,13,30,30,13,13,1,12
6,random,sb3_league,N/A,N/A,J1,11,30,30,11,13,1,12
7,random,sb3_league,N/A,N/A,J1,10,30,30,10,15,0,15
8,random,sb3_league,N/A,N/A,J0,30,6,6,30,5,2,3
9,random,sb3_league,N/A,N/A,J0,30,22,22,30,11,1,10
10,random,sb3_league,N/A,N/A,J1,2,30,30,2,12,0,12
11,random,sb3_league,N/A,N/A,J0,30,6,6,30,5,1,4
12,random,sb3_league,N/A,N/A,J1,2,30,30,2,11,1,10
13,random,sb3_league,N/A,N/A,J1,5,30,30,5,10,0,10
14,random,sb3_league,N/A,N/A,J1,16,30,30,16,14,1,13
15,random,sb3_league,N/A,N/A,J1,8,30,30,8,11,1,10
16,random,sb3_league,N/A,N/A,J1,7,30,30,7,12,1,11
17,random,sb3_league,N/A,N/A,J1,6,30,30,6,11,0,11
18,random,sb3_league,N/A,N/A,J1,16,30,30,16,9,2,7
19,random,sb3_league,N/A,N/A,J1,0,30,30,0,13,0,13
20,random,sb3_league,N/A,N/A,J1,4,30,30,4,10,0,10
21,random,sb3_league,N/A,N/A,J1,8,30,30,8,12,2,10
22,random,sb3_league,N/A,N/A,J1,14,30,30,14,9,0,9
23,random,sb3_league,N/A,N/A,J1,7,30,30,7,12,0,12
24,random,sb3_league,N/A,N/A,J1,5,30,30,5,13,1,12
25,random,sb3_league,N/A,N/A,J1,6,30,30,6,12,1,11
26,random,sb3_league,N/A,N/A,J1,9,30,30,9,11,1,10
27,random,sb3_league,N/A,N/A,J1,7,30,30,7,9,0,9
28,random,sb3_league,N/A,N/A,J1,10,30,30,10,14,1,13
29,random,sb3_league,N/A,N/A,J1,4,30,30,4,9,0,9
30,random,sb3_league,N/A,N/A,J1,2,30,30,2,10,0,10
31,random,sb3_league,N/A,N/A,J1,9,30,30,9,12,1,11
32,random,sb3_league,N/A,N/A,J1,8,30,30,8,11,0,11
33,random,sb3_league,N/A,N/A,J1,8,30,30,8,10,0,10
34,random,sb3_league,N/A,N/A,J1,6,30,30,6,15,1,14
35,random,sb3_league,N/A,N/A,J1,4,30,30,4,9,0,9
36,random,sb3_league,N/A,N/A,J1,7,30,30,7,10,1,9
37,random,sb3_league,N/A,N/A,J1,11,30,30,11,14,2,12
38,random,sb3_league,N/A,N/A,J1,7,30,30,7,15,1,14
39,random,sb3_league,N/A,N/A,J1,27,30,30,27,13,5,8
40,random,sb3_league,N/A,N/A,J1,29,30,30,29,15,1,14
41,random,sb3_league,N/A,N/A,J1,5,30,30,5,12,0,12
42,random,sb3_league,N/A,N/A,J0,30,11,11,30,7,1,6
43,random,sb3_league,N/A,N/A,J1,11,30,30,11,12,1,11
44,random,sb3_league,N/A,N/A,J1,17,30,30,17,14,2,12
45,random,sb3_league,N/A,N/A,J1,11,30,30,11,10,1,9
46,random,sb3_league,N/A,N/A,J1,12,30,30,12,12,2,10
47,random,sb3_league,N/A,N/A,J1,3,30,30,3,8,0,8
48,random,sb3_league,N/A,N/A,J1,16,30,30,16,12,2,10
49,random,sb3_league,N/A,N/A,J1,24,30,30,24,13,4,9
50,random,sb3_league,N/A,N/A,J1,7,30,30,7,12,0,12
51,random,sb3_league,N/A,N/A,J1,17,30,30,17,9,2,7
52,random,sb3_league,N/A,N/A,J1,5,30,30,5,13,0,13
53,random,sb3_league,N/A,N/A,J1,11,30,30,11,12,4,8
54,random,sb3_league,N/A,N/A,J1,3,30,30,3,10,0,10
55,random,sb3_league,N/A,N/A,J1,12,30,30,12,11,2,9
56,random,sb3_league,N/A,N/A,J1,3,30,30,3,11,0,11
57,random,sb3_league,N/A,N/A,J0,30,3,3,30,4,3,1
58,random,sb3_league,N/A,N/A,J1,5,30,30,5,10,0,10
59,random,sb3_league,N/A,N/A,J1,8,30,30,8,15,2,13
60,random,sb3_league,N/A,N/A,J1,2,30,30,2,10,0,10
61,random,sb3_league,N/A,N/A,J1,18,30,30,18,14,2,12
62,random,sb3_league,N/A,N/A,J1,2,30,30,2,10,0,10
63,random,sb3_league,N/A,N/A,J1,8,30,30,8,10,0,10
64,random,sb3_league,N/A,N/A,J1,6,30,30,6,13,0,13
65,random,sb3_league,N/A,N/A,J1,8,30,30,8,13,2,11
66,random,sb3_league,N/A,N/A,J1,14,30,30,14,10,3,7
67,random,sb3_league,N/A,N/A,J1,4,30,30,4,11,0,11
68,random,sb3_league,N/A,N/A,J1,24,30,30,24,13,5,8
69,random,sb3_league,N/A,N/A,J1,7,30,30,7,8,1,7
70,random,sb3_league,N/A,N/A,J1,6,30,30,6,10,0,10
71,random,sb3_league,N/A,N/A,J1,9,30,30,9,11,1,10
72,random,sb3_league,N/A,N/A,J1,5,30,30,5,10,2,8
73,random,sb3_league,N/A,N/A,J0,30,0,0,30,1,1,0
74,random,sb3_league,N/A,N/A,J0,30,4,4,30,3,1,2
75,random,sb3_league,N/A,N/A,J1,11,30,30,11,11,0,11
76,random,sb3_league,N/A,N/A,J1,9,30,30,9,11,0,11
77,random,sb3_league,N/A,N/A,J1,1,30,30,1,8,0,8
78,random,sb3_league,N/A,N/A,J1,4,30,30,4,10,1,9
79,random,sb3_league,N/A,N/A,J1,3,30,30,3,9,0,9
80,random,sb3_league,N/A,N/A,J1,11,30,30,11,13,1,12
81,random,sb3_league,N/A,N/A,J1,12,30,30,12,13,2,11
82,random,sb3_league,N/A,N/A,J1,7,30,30,7,12,1,11
83,random,sb3_league,N/A,N/A,J1,6,30,30,6,10,0,10
84,random,sb3_league,N/A,N/A,J1,6,30,30,6,11,1,10
85,random,sb3_league,N/A,N/A,J1,9,30,30,9,11,2,9
86,random,sb3_league,N/A,N/A,J0,30,25,25,30,12,2,10
87,random,sb3_league,N/A,N/A,J0,30,3,3,30,3,1,2
88,random,sb3_league,N/A,N/A,J1,7,30,30,7,12,0,12
89,random,sb3_league,N/A,N/A,J1,13,30,30,13,11,1,10
90,random,sb3_league,N/A,N/A,J1,7,30,30,7,16,1,15
91,random,sb3_league,N/A,N/A,J0,30,3,3,30,3,1,2
92,random,sb3_league,N/A,N/A,J1,12,30,30,12,10,1,9
93,random,sb3_league,N/A,N/A,J1,17,30,30,17,13,3,10
94,random,sb3_league,N/A,N/A,J1,8,30,30,8,11,0,11
95,random,sb3_league,N/A,N/A,J1,14,30,30,14,12,2,10
96,random,sb3_league,N/A,N/A,J1,8,30,30,8,9,0,9
97,random,sb3_league,N/A,N/A,J1,15,30,30,15,7,1,6
98,random,sb3_league,N/A,N/A,J1,18,30,30,18,14,1,13
99,random,sb3_league,N/A,N/A,J1,12,30,30,12,10,2,8
100,random,sb3_league,N/A,N/A,J1,23,30,30,23,14,1,13
101,random,sb3_league,N/A,N/A,J1,20,30,30,20,14,2,12
102,random,sb3_league,N/A,N/A,J1,6,30,30,6,10,0,10
103,random,sb3_league,N/A,N/A,J1,4,30,30,4,11,1,10
104,random,sb3_league,N/A,N/A,J0,30,24,24,30,14,2,12
105,random,sb3_league,N/A,N/A,J1,11,30,30,11,14,2,12
106,random,sb3_league,N/A,N/A,J1,16,30,30,16,11,1,10
107,random,sb3_league,N/A,N/A,J1,20,30,30,20,13,1,12
108,random,sb3_league,N/A,N/A,J1,7,30,30,7,11,0,11
109,random,sb3_league,N/A,N/A,J1,10,30,30,10,7,2,5
110,random,sb3_league,N/A,N/A,J1,20,30,30,20,13,3,10
111,random,sb3_league,N/A,N/A,J1,18,30,30,18,13,2,11
112,random,sb3_league,N/A,N/A,J1,8,30,30,8,14,1,13
113,random,sb3_league,N/A,N/A,J1,15,30,30,15,13,2,11
114,random,sb3_league,N/A,N/A,J1,13,30,30,13,10,2,8
115,random,sb3_league,N/A,N/A,J1,24,30,30,24,15,1,14
116,random,sb3_league,N/A,N/A,J1,13,30,30,13,14,2,12
117,random,sb3_league,N/A,N/A,J0,30,0,0,30,1,1,0
118,random,sb3_league,N/A,N/A,J1,20,30,30,20,11,3,8
119,random,sb3_league,N/A,N/A,J1,5,30,30,5,2,1,1
120,random,sb3_league,N/A,N/A,J1,25,30,30,25,14,1,13
121,random,sb3_league,N/A,N/A,J1,10,30,30,10,13,1,12
122,random,sb3_league,N/A,N/A,J1,15,30,30,15,13,1,12
123,random,sb3_league,N/A,N/A,J1,10,30,30,10,11,0,11
124,random,sb3_league,N/A,N/A,J1,13,30,30,13,15,2,13
125,random,sb3_league,N/A,N/A,J1,20,30,30,20,9,1,8
126,random,sb3_league,N/A,N/A,J1,21,30,30,21,16,3,13
127,random,sb3_league,N/A,N/A,J1,8,30,30,8,15,1,14
128,random,sb3_league,N/A,N/A,J1,15,30,30,15,12,1,11
129,random,sb3_league,N/A,N/A,J1,5,30,30,5,9,1,8
130,random,sb3_league,N/A,N/A,J1,8,30,30,8,12,1,11
131,random,sb3_league,N/A,N/A,J1,8,30,30,8,11,0,11
132,random,sb3_league,N/A,N/A,J1,14,30,30,14,13,3,10
133,random,sb3_league,N/A,N/A,J1,3,30,30,3,14,0,14
134,random,sb3_league,N/A,N/A,J1,13,30,30,13,13,2,11
135,random,sb3_league,N/A,N/A,J1,6,30,30,6,12,0,12
136,random,sb3_league,N/A,N/A,J1,5,30,30,5,11,1,10
137,random,sb3_league,N/A,N/A,J0,30,18,18,30,13,5,8
138,random,sb3_league,N/A,N/A,J1,5,30,30,5,12,0,12
139,random,sb3_league,N/A,N/A,J0,30,4,4,30,4,1,3
140,random,sb3_league,N/A,N/A,J1,10,30,30,10,13,0,13
141,random,sb3_league,N/A,N/A,J1,7,30,30,7,12,0,12
142,random,sb3_league,N/A,N/A,J1,7,30,30,7,13,1,12
143,random,sb3_league,N/A,N/A,J1,6,30,30,6,10,0,10
144,random,sb3_league,N/A,N/A,J1,28,30,30,28,18,3,15
145,random,sb3_league,N/A,N/A,J1,5,30,30,5,9,1,8
146,random,sb3_league,N/A,N/A,J1,14,30,30,14,12,3,9
147,random,sb3_league,N/A,N/A,J1,7,30,30,7,12,1,11
148,random,sb3_league,N/A,N/A,J1,19,30,30,19,14,5,9
149,random,sb3_league,N/A,N/A,J1,7,30,30,7,15,0,15
150,random,sb3_league,N/A,N/A,J1,8,30,30,8,13,1,12
151,random,sb3_league,N/A,N/A,J1,6,30,30,6,9,0,9
152,random,sb3_league,N/A,N/A,J1,23,30,30,23,14,2,12
153,random,sb3_league,N/A,N/A,J1,8,30,30,8,14,1,13
154,random,sb3_league,N/A,N/A,J1,20,30,30,20,13,2,11
155,random,sb3_league,N/A,N/A,J1,2,30,30,2,9,0,9
156,random,sb3_league,N/A,N/A,J1,17,30,30,17,14,4,10
157,random,sb3_league,N/A,N/A,J1,0,30,30,0,0,0,0
158,random,sb3_league,N/A,N/A,J1,8,30,30,8,11,0,11
159,random,sb3_league,N/A,N/A,J0,30,18,18,30,11,4,7
160,random,sb3_league,N/A,N/A,J1,4,30,30,4,12,0,12
161,random,sb3_league,N/A,N/A,J1,10,30,30,10,14,2,12
162,random,sb3_league,N/A,N/A,J0,30,21,21,30,11,1,10
163,random,sb3_league,N/A,N/A,J1,2,30,30,2,9,0,9
164,random,sb3_league,N/A,N/A,J1,6,30,30,6,11,0,11
165,random,sb3_league,N/A,N/A,J1,7,30,30,7,14,1,13
166,random,sb3_league,N/A,N/A,J1,4,30,30,4,2,1,1
167,random,sb3_league,N/A,N/A,J1,17,30,30,17,16,3,13
168,random,sb3_league,N/A,N/A,J1,14,30,30,14,12,2,10
169,random,sb3_league,N/A,N/A,J1,14,30,30,14,12,2,10
170,random,sb3_league,N/A,N/A,J0,30,2,2,30,3,2,1
171,random,sb3_league,N/A,N/A,J1,3,30,30,3,11,1,10
172,random,sb3_league,N/A,N/A,J1,10,30,30,10,14,1,13
173,random,sb3_league,N/A,N/A,J1,15,30,30,15,13,0,13
174,random,sb3_league,N/A,N/A,J1,7,30,30,7,13,1,12
175,random,sb3_league,N/A,N/A,J1,12,30,30,12,9,4,5
176,random,sb3_league,N/A,N/A,J1,20,30,30,20,17,3,14
177,random,sb3_league,N/A,N/A,J1,21,30,30,21,13,3,10
178,random,sb3_league,N/A,N/A,J1,9,30,30,9,10,0,10
179,random,sb3_league,N/A,N/A,J1,13,30,30,13,12,1,11
180,random,sb3_league,N/A,N/A,J1,9,30,30,9,9,2,7
181,random,sb3_league,N/A,N/A,J1,13,30,30,13,8,2,6
182,random,sb3_league,N/A,N/A,J1,10,30,30,10,13,2,11
183,random,sb3_league,N/A,N/A,J1,5,30,30,5,7,0,7
184,random,sb3_league,N/A,N/A,J1,7,30,30,7,13,3,10
185,random,sb3_league,N/A,N/A,J1,24,30,30,24,14,3,11
186,random,sb3_league,N/A,N/A,J1,15,30,30,15,14,3,11
187,random,sb3_league,N/A,N/A,J1,18,30,30,18,14,0,14
188,random,sb3_league,N/A,N/A,J0,30,10,10,30,7,1,6
189,random,sb3_league,N/A,N/A,J1,14,30,30,14,11,0,11
190,random,sb3_league,N/A,N/A,J0,30,15,15,30,8,2,6
191,random,sb3_league,N/A,N/A,J1,10,30,30,10,12,2,10
192,random,sb3_league,N/A,N/A,J1,7,30,30,7,15,1,14
193,random,sb3_league,N/A,N/A,J1,5,30,30,5,12,0,12
194,random,sb3_league,N/A,N/A,J1,4,30,30,4,12,1,11
195,random,sb3_league,N/A,N/A,J1,14,30,30,14,11,2,9
196,random,sb3_league,N/A,N/A,J1,17,30,30,17,11,2,9
197,random,sb3_league,N/A,N/A,J0,30,1,1,30,2,1,1
198,random,sb3_league,N/A,N/A,J1,4,30,30,4,12,0,12
199,random,sb3_league,N/A,N/A,J1,7,30,30,7,10,0,10
200,random,sb3_league,N/A,N/A,J1,17,30,30,17,14,2,12
201,random,sb3_league,N/A,N/A,J1,17,30,30,17,12,0,12
202,random,sb3_league,N/A,N/A,J1,5,30,30,5,9,1,8
203,random,sb3_league,N/A,N/A,J1,12,30,30,12,12,0,12
204,random,sb3_league,N/A,N/A,J1,7,30,30,7,10,1,9
205,random,sb3_league,N/A,N/A,J1,7,30,30,7,12,0,12
206,random,sb3_league,N/A,N/A,J1,20,30,30,20,12,5,7
207,random,sb3_league,N/A,N/A,J1,8,30,30,8,13,3,10
208,random,sb3_league,N/A,N/A,J1,2,30,30,2,10,0,10
209,random,sb3_league,N/A,N/A,J1,5,30,30,5,9,1,8
210,random,sb3_league,N/A,N/A,J0,30,11,11,30,6,1,5
211,random,sb3_league,N/A,N/A,J1,9,30,30,9,11,3,8
212,random,sb3_league,N/A,N/A,J1,9,30,30,9,12,1,11
213,random,sb3_league,N/A,N/A,J1,5,30,30,5,14,0,14
214,random,sb3_league,N/A,N/A,J1,7,30,30,7,10,0,10
215,random,sb3_league,N/A,N/A,J1,20,30,30,20,14,2,12
216,random,sb3_league,N/A,N/A,J1,14,30,30,14,15,2,13
217,random,sb3_league,N/A,N/A,J1,20,30,30,20,14,3,11
218,random,sb3_league,N/A,N/A,J1,7,30,30,7,11,1,10
219,random,sb3_league,N/A,N/A,J1,10,30,30,10,14,1,13
220,random,sb3_league,N/A,N/A,J1,6,30,30,6,10,0,10
221,random,sb3_league,N/A,N/A,J1,4,30,30,4,11,1,10
222,random,sb3_league,N/A,N/A,J1,18,30,30,18,15,3,12
223,random,sb3_league,N/A,N/A,J1,24,30,30,24,14,1,13
224,random,sb3_league,N/A,N/A,J1,0,30,30,0,0,0,0
225,random,sb3_league,N/A,N/A,J1,6,30,30,6,8,0,8
226,random,sb3_league,N/A,N/A,J1,9,30,30,9,16,3,13
227,random,sb3_league,N/A,N/A,J1,9,30,30,9,12,1,11
228,random,sb3_league,N/A,N/A,J1,11,30,30,11,10,3,7
229,random,sb3_league,N/A,N/A,J1,6,30,30,6,11,0,11
230,random,sb3_league,N/A,N/A,J1,9,30,30,9,16,0,16
231,random,sb3_league,N/A,N/A,J1,15,30,30,15,11,2,9
232,random,sb3_league,N/A,N/A,J1,20,30,30,20,14,4,10
233,random,sb3_league,N/A,N/A,J1,6,30,30,6,10,1,9
234,random,sb3_league,N/A,N/A,J1,10,30,30,10,13,1,12
235,random,sb3_league,N/A,N/A,J1,10,30,30,10,16,2,14
236,random,sb3_league,N/A,N/A,J1,6,30,30,6,10,1,9
237,random,sb3_league,N/A,N/A,J1,17,30,30,17,14,1,13
238,random,sb3_league,N/A,N/A,J1,15,30,30,15,14,1,13
239,random,sb3_league,N/A,N/A,J1,6,30,30,6,10,0,10
240,random,sb3_league,N/A,N/A,J1,6,30,30,6,12,0,12
241,random,sb3_league,N/A,N/A,J1,3,30,30,3,10,1,9
242,random,sb3_league,N/A,N/A,J1,2,30,30,2,11,0,11
243,random,sb3_league,N/A,N/A,J1,10,30,30,10,16,1,15
244,random,sb3_league,N/A,N/A,J1,5,30,30,5,11,1,10
245,random,sb3_league,N/A,N/A,J1,17,30,30,17,15,2,13
246,random,sb3_league,N/A,N/A,J1,3,30,30,3,10,0,10
247,random,sb3_league,N/A,N/A,J1,14,30,30,14,11,1,10
248,random,sb3_league,N/A,N/A,J1,20,30,30,20,16,1,15
249,random,sb3_league,N/A,N/A,J1,14,30,30,14,10,2,8
250,random,sb3_league,N/A,N/A,J1,2,30,30,2,10,0,10
251,random,sb3_league,N/A,N/A,J1,4,30,30,4,10,0,10
252,random,sb3_league,N/A,N/A,J1,6,30,30,6,10,1,9
253,random,sb3_league,N/A,N/A,J1,4,30,30,4,13,0,13
254,random,sb3_league,N/A,N/A,J1,5,30,30,5,9,0,9
255,random,sb3_league,N/A,N/A,J1,6,30,30,6,14,0,14
256,random,sb3_league,N/A,N/A,J1,18,30,30,18,13,2,11
257,random,sb3_league,N/A,N/A,J1,8,30,30,8,11,1,10
258,random,sb3_league,N/A,N/A,J1,16,30,30,16,9,1,8
259,random,sb3_league,N/A,N/A,J1,10,30,30,10,7,2,5
260,random,sb3_league,N/A,N/A,J1,3,30,30,3,9,1,8
261,random,sb3_league,N/A,N/A,J1,7,30,30,7,13,0,13
262,random,sb3_league,N/A,N/A,J1,14,30,30,14,14,2,12
263,random,sb3_league,N/A,N/A,J1,4,30,30,4,9,0,9
264,random,sb3_league,N/A,N/A,J1,7,30,30,7,12,0,12
265,random,sb3_league,N/A,N/A,J0,30,16,16,30,9,1,8
266,random,sb3_league,N/A,N/A,J1,3,30,30,3,8,0,8
267,random,sb3_league,N/A,N/A,J1,17,30,30,17,10,1,9
268,random,sb3_league,N/A,N/A,J1,9,30,30,9,8,1,7
269,random,sb3_league,N/A,N/A,J1,21,30,30,21,16,4,12
270,random,sb3_league,N/A,N/A,J1,9,30,30,9,12,2,10
271,random,sb3_league,N/A,N/A,J1,10,30,30,10,11,2,9
272,random,sb3_league,N/A,N/A,J1,25,30,30,25,16,3,13
273,random,sb3_league,N/A,N/A,J0,30,1,1,30,1,0,1
274,random,sb3_league,N/A,N/A,J1,4,30,30,4,10,1,9
275,random,sb3_league,N/A,N/A,J0,30,4,4,30,2,1,1
276,random,sb3_league,N/A,N/A,J1,9,30,30,9,15,0,15
277,random,sb3_league,N/A,N/A,J1,10,30,30,10,12,1,11
278,random,sb3_league,N/A,N/A,J1,13,30,30,13,13,2,11
279,random,sb3_league,N/A,N/A,J1,6,30,30,6,11,1,10
280,random,sb3_league,N/A,N/A,J0,30,6,6,30,4,1,3
281,random,sb3_league,N/A,N/A,J1,27,30,30,27,18,2,16
282,random,sb3_league,N/A,N/A,J1,12,30,30,12,13,2,11
283,random,sb3_league,N/A,N/A,J1,10,30,30,10,15,1,14
284,random,sb3_league,N/A,N/A,J1,11,30,30,11,11,3,8
285,random,sb3_league,N/A,N/A,J1,10,30,30,10,6,1,5
286,random,sb3_league,N/A,N/A,J1,6,30,30,6,11,0,11
287,random,sb3_league,N/A,N/A,J1,13,30,30,13,10,1,9
288,random,sb3_league,N/A,N/A,J1,11,30,30,11,14,0,14
289,random,sb3_league,N/A,N/A,J1,11,30,30,11,13,2,11
290,random,sb3_league,N/A,N/A,J0,30,21,21,30,12,1,11
291,random,sb3_league,N/A,N/A,J1,17,30,30,17,15,2,13
292,random,sb3_league,N/A,N/A,J1,6,30,30,6,14,0,14
293,random,sb3_league,N/A,N/A,J1,20,30,30,20,13,3,10
294,random,sb3_league,N/A,N/A,J1,8,30,30,8,10,1,9
295,random,sb3_league,N/A,N/A,J1,10,30,30,10,10,2,8
296,random,sb3_league,N/A,N/A,J1,14,30,30,14,10,4,6
297,random,sb3_league,N/A,N/A,J1,11,30,30,11,11,1,10
298,random,sb3_league,N/A,N/A,J1,17,30,30,17,12,2,10
299,random,sb3_league,N/A,N/A,J1,10,30,30,10,13,1,12
300,random,sb3_league,N/A,N/A,J1,4,30,30,4,12,0,12
301,random,sb3_league,N/A,N/A,J1,5,30,30,5,10,0,10
302,random,sb3_league,N/A,N/A,J1,13,30,30,13,12,2,10
303,random,sb3_league,N/A,N/A,J1,9,30,30,9,13,1,12
304,random,sb3_league,N/A,N/A,J1,3,30,30,3,13,1,12
305,random,sb3_league,N/A,N/A,J1,10,30,30,10,15,2,13
306,random,sb3_league,N/A,N/A,J1,11,30,30,11,12,1,11
307,random,sb3_league,N/A,N/A,J1,5,30,30,5,14,0,14
308,random,sb3_league,N/A,N/A,J1,16,30,30,16,14,4,10
309,random,sb3_league,N/A,N/A,J0,30,13,13,30,9,2,7
310,random,sb3_league,N/A,N/A,J1,6,30,30,6,10,0,10
311,random,sb3_league,N/A,N/A,J1,26,30,30,26,15,2,13
312,random,sb3_league,N/A,N/A,J1,10,30,30,10,8,2,6
313,random,sb3_league,N/A,N/A,J1,13,30,30,13,11,1,10
314,random,sb3_league,N/A,N/A,J1,13,30,30,13,14,3,11
315,random,sb3_league,N/A,N/A,J1,7,30,30,7,14,1,13
316,random,sb3_league,N/A,N/A,J1,16,30,30,16,11,1,10
317,random,sb3_league,N/A,N/A,J1,29,30,30,29,17,2,15
318,random,sb3_league,N/A,N/A,J1,15,30,30,15,20,4,16
319,random,sb3_league,N/A,N/A,J1,14,30,30,14,14,4,10
320,random,sb3_league,N/A,N/A,J1,18,30,30,18,12,1,11
321,random,sb3_league,N/A,N/A,J1,12,30,30,12,10,0,10
322,random,sb3_league,N/A,N/A,J1,4,30,30,4,10,0,10
323,random,sb3_league,N/A,N/A,J1,21,30,30,21,15,2,13
324,random,sb3_league,N/A,N/A,J1,23,30,30,23,14,3,11
325,random,sb3_league,N/A,N/A,J1,13,30,30,13,12,2,10
326,random,sb3_league,N/A,N/A,J1,16,30,30,16,16,4,12
327,random,sb3_league,N/A,N/A,J1,16,30,30,16,12,5,7
328,random,sb3_league,N/A,N/A,J1,7,30,30,7,10,0,10
329,random,sb3_league,N/A,N/A,J1,7,30,30,7,12,1,11
330,random,sb3_league,N/A,N/A,J1,16,30,30,16,12,2,10
331,random,sb3_league,N/A,N/A,J1,19,30,30,19,10,3,7
332,random,sb3_league,N/A,N/A,J1,7,30,30,7,10,0,10
333,random,sb3_league,N/A,N/A,J1,2,30,30,2,11,0,11
334,random,sb3_league,N/A,N/A,J1,6,30,30,6,7,0,7
335,random,sb3_league,N/A,N/A,J1,11,30,30,11,13,2,11
336,random,sb3_league,N/A,N/A,J1,9,30,30,9,11,0,11
337,random,sb3_league,N/A,N/A,J1,2,30,30,2,11,0,11
338,random,sb3_league,N/A,N/A,J1,24,30,30,24,12,0,12
339,random,sb3_league,N/A,N/A,J1,6,30,30,6,9,0,9
340,random,sb3_league,N/A,N/A,J1,20,30,30,20,14,4,10
341,random,sb3_league,N/A,N/A,J1,2,30,30,2,11,0,11
342,random,sb3_league,N/A,N/A,J1,3,30,30,3,9,1,8
343,random,sb3_league,N/A,N/A,J1,11,30,30,11,11,0,11
344,random,sb3_league,N/A,N/A,J1,20,30,30,20,7,1,6
345,random,sb3_league,N/A,N/A,J1,10,30,30,10,12,1,11
346,random,sb3_league,N/A,N/A,J1,12,30,30,12,8,1,7
347,random,sb3_league,N/A,N/A,J1,10,30,30,10,12,2,10
348,random,sb3_league,N/A,N/A,J1,4,30,30,4,12,0,12
349,random,sb3_league,N/A,N/A,J1,2,30,30,2,10,1,9
350,random,sb3_league,N/A,N/A,J1,9,30,30,9,11,0,11
351,random,sb3_league,N/A,N/A,J0,30,0,0,30,1,1,0
352,random,sb3_league,N/A,N/A,J1,4,30,30,4,11,0,11
353,random,sb3_league,N/A,N/A,J1,8,30,30,8,10,0,10
354,random,sb3_league,N/A,N/A,J1,4,30,30,4,9,1,8
355,random,sb3_league,N/A,N/A,J1,22,30,30,22,11,2,9
356,random,sb3_league,N/A,N/A,J1,21,30,30,21,14,3,11
357,random,sb3_league,N/A,N/A,J1,15,30,30,15,14,2,12
358,random,sb3_league,N/A,N/A,J1,24,30,30,24,13,2,11
359,random,sb3_league,N/A,N/A,J1,9,30,30,9,13,1,12
360,random,sb3_league,N/A,N/A,J1,20,30,30,20,11,0,11
361,random,sb3_league,N/A,N/A,J1,12,30,30,12,10,1,9
362,random,sb3_league,N/A,N/A,J1,6,30,30,6,9,1,8
363,random,sb3_league,N/A,N/A,J1,8,30,30,8,10,0,10
364,random,sb3_league,N/A,N/A,J1,13,30,30,13,17,3,14
365,random,sb3_league,N/A,N/A,J1,23,30,30,23,14,4,10
366,random,sb3_league,N/A,N/A,J1,7,30,30,7,13,0,13
367,random,sb3_league,N/A,N/A,J1,15,30,30,15,13,1,12
368,random,sb3_league,N/A,N/A,J1,20,30,30,20,11,2,9
369,random,sb3_league,N/A,N/A,J1,6,30,30,6,13,0,13
370,random,sb3_league,N/A,N/A,J1,7,30,30,7,12,1,11
371,random,sb3_league,N/A,N/A,J1,5,30,30,5,1,0,1
372,random,sb3_league,N/A,N/A,J1,9,30,30,9,16,2,14
373,random,sb3_league,N/A,N/A,J1,13,30,30,13,11,2,9
374,random,sb3_league,N/A,N/A,J1,5,30,30,5,12,2,10
375,random,sb3_league,N/A,N/A,J1,5,30,30,5,12,0,12
376,random,sb3_league,N/A,N/A,J1,7,30,30,7,9,0,9
377,random,sb3_league,N/A,N/A,J1,28,30,30,28,17,4,13
378,random,sb3_league,N/A,N/A,J1,8,30,30,8,14,2,12
379,random,sb3_league,N/A,N/A,J1,7,30,30,7,3,1,2
380,random,sb3_league,N/A,N/A,J1,0,30,30,0,0,0,0
381,random,sb3_league,N/A,N/A,J1,11,30,30,11,11,1,10
382,random,sb3_league,N/A,N/A,J1,15,30,30,15,17,2,15
383,random,sb3_league,N/A,N/A,J1,15,30,30,15,15,2,13
384,random,sb3_league,N/A,N/A,J1,9,30,30,9,10,0,10
385,random,sb3_league,N/A,N/A,J1,2,30,30,2,1,0,1
386,random,sb3_league,N/A,N/A,J1,14,30,30,14,13,2,11
387,random,sb3_league,N/A,N/A,J0,30,8,8,30,5,1,4
388,random,sb3_league,N/A,N/A,J1,4,30,30,4,13,0,13
389,random,sb3_league,N/A,N/A,J1,8,30,30,8,8,1,7
390,random,sb3_league,N/A,N/A,J1,6,30,30,6,10,0,10
391,random,sb3_league,N/A,N/A,J1,19,30,30,19,16,2,14
392,random,sb3_league,N/A,N/A,J1,12,30,30,12,4,1,3
393,random,sb3_league,N/A,N/A,J1,28,30,30,28,17,3,14
394,random,sb3_league,N/A,N/A,J1,11,30,30,11,15,4,11
395,random,sb3_league,N/A,N/A,J1,7,30,30,7,13,1,12
396,random,sb3_league,N/A,N/A,J1,8,30,30,8,8,0,8
397,random,sb3_league,N/A,N/A,J1,19,30,30,19,13,3,10
398,random,sb3_league,N/A,N/A,J1,8,30,30,8,12,2,10
399,random,sb3_league,N/A,N/A,J1,11,30,30,11,10,1,9
400,random,sb3_league,N/A,N/A,J1,4,30,30,4,10,0,10
401,random,sb3_league,N/A,N/A,J1,11,30,30,11,13,1,12
402,random,sb3_league,N/A,N/A,J1,17,30,30,17,12,3,9
403,random,sb3_league,N/A,N/A,J1,7,30,30,7,12,0,12
404,random,sb3_league,N/A,N/A,J1,14,30,30,14,13,1,12
405,random,sb3_league,N/A,N/A,J0,30,7,7,30,5,2,3
406,random,sb3_league,N/A,N/A,J1,6,30,30,6,10,0,10
407,random,sb3_league,N/A,N/A,J1,8,30,30,8,11,2,9
408,random,sb3_league,N/A,N/A,J1,3,30,30,3,13,0,13
409,random,sb3_league,N/A,N/A,J1,4,30,30,4,10,0,10
410,random,sb3_league,N/A,N/A,J1,5,30,30,5,13,0,13
411,random,sb3_league,N/A,N/A,J1,10,30,30,10,10,1,9
412,random,sb3_league,N/A,N/A,J1,10,30,30,10,12,1,11
413,random,sb3_league,N/A,N/A,J1,15,30,30,15,15,2,13
414,random,sb3_league,N/A,N/A,J1,14,30,30,14,11,2,9
415,random,sb3_league,N/A,N/A,J1,7,30,30,7,11,0,11
416,random,sb3_league,N/A,N/A,J1,13,30,30,13,12,3,9
417,random,sb3_league,N/A,N/A,J1,6,30,30,6,8,0,8
418,random,sb3_league,N/A,N/A,J1,19,30,30,19,12,1,11
419,random,sb3_league,N/A,N/A,J1,4,30,30,4,9,1,8
420,random,sb3_league,N/A,N/A,J1,9,30,30,9,14,4,10
421,random,sb3_league,N/A,N/A,J1,8,30,30,8,12,0,12
422,random,sb3_league,N/A,N/A,J1,20,30,30,20,12,1,11
423,random,sb3_league,N/A,N/A,J1,2,30,30,2,8,0,8
424,random,sb3_league,N/A,N/A,J1,22,30,30,22,13,1,12
425,random,sb3_league,N/A,N/A,J1,22,30,30,22,14,2,12
426,random,sb3_league,N/A,N/A,J1,4,30,30,4,11,1,10
427,random,sb3_league,N/A,N/A,J1,9,30,30,9,11,1,10
428,random,sb3_league,N/A,N/A,J1,8,30,30,8,11,2,9
429,random,sb3_league,N/A,N/A,J1,12,30,30,12,13,3,10
430,random,sb3_league,N/A,N/A,J1,13,30,30,13,14,1,13
431,random,sb3_league,N/A,N/A,J1,9,30,30,9,4,0,4
432,random,sb3_league,N/A,N/A,J1,13,30,30,13,11,1,10
433,random,sb3_league,N/A,N/A,J1,10,30,30,10,15,2,13
434,random,sb3_league,N/A,N/A,J1,7,30,30,7,11,2,9
435,random,sb3_league,N/A,N/A,J1,9,30,30,9,13,1,12
436,random,sb3_league,N/A,N/A,J1,1,30,30,1,13,0,13
437,random,sb3_league,N/A,N/A,J1,13,30,30,13,10,2,8
438,random,sb3_league,N/A,N/A,J1,5,30,30,5,11,0,11
439,random,sb3_league,N/A,N/A,J1,13,30,30,13,10,2,8
440,random,sb3_league,N/A,N/A,J1,14,30,30,14,14,3,11
441,random,sb3_league,N/A,N/A,J1,8,30,30,8,14,1,13
442,random,sb3_league,N/A,N/A,J1,5,30,30,5,12,1,11
443,random,sb3_league,N/A,N/A,J1,16,30,30,16,8,3,5
444,random,sb3_league,N/A,N/A,J1,3,30,30,3,12,0,12
445,random,sb3_league,N/A,N/A,J1,6,30,30,6,10,0,10
446,random,sb3_league,N/A,N/A,J1,23,30,30,23,14,1,13
447,random,sb3_league,N/A,N/A,J1,6,30,30,6,14,1,13
448,random,sb3_league,N/A,N/A,J1,10,30,30,10,12,1,11
449,random,sb3_league,N/A,N/A,J1,8,30,30,8,10,1,9
450,random,sb3_league,N/A,N/A,J1,5,30,30,5,11,1,10
451,random,sb3_league,N/A,N/A,J1,3,30,30,3,10,0,10
452,random,sb3_league,N/A,N/A,J1,7,30,30,7,12,0,12
453,random,sb3_league,N/A,N/A,J1,6,30,30,6,8,0,8
454,random,sb3_league,N/A,N/A,J1,8,30,30,8,14,2,12
455,random,sb3_league,N/A,N/A,J1,9,30,30,9,13,0,13
456,random,sb3_league,N/A,N/A,J1,9,30,30,9,12,1,11
457,random,sb3_league,N/A,N/A,J1,4,30,30,4,16,0,16
458,random,sb3_league,N/A,N/A,J1,20,30,30,20,13,6,7
459,random,sb3_league,N/A,N/A,J1,9,30,30,9,11,0,11
460,random,sb3_league,N/A,N/A,J1,8,30,30,8,8,1,7
461,random,sb3_league,N/A,N/A,J1,7,30,30,7,10,0,10
462,random,sb3_league,N/A,N/A,J1,8,30,30,8,10,1,9
463,random,sb3_league,N/A,N/A,J1,21,30,30,21,17,3,14
464,random,sb3_league,N/A,N/A,J1,8,30,30,8,11,0,11
465,random,sb3_league,N/A,N/A,J1,15,30,30,15,12,3,9
466,random,sb3_league,N/A,N/A,J1,18,30,30,18,13,2,11
467,random,sb3_league,N/A,N/A,J1,18,30,30,18,11,3,8
468,random,sb3_league,N/A,N/A,J1,8,30,30,8,12,0,12
469,random,sb3_league,N/A,N/A,J1,11,30,30,11,10,1,9
470,random,sb3_league,N/A,N/A,J1,7,30,30,7,11,0,11
471,random,sb3_league,N/A,N/A,J1,4,30,30,4,12,0,12
472,random,sb3_league,N/A,N/A,J1,6,30,30,6,7,0,7
473,random,sb3_league,N/A,N/A,J1,5,30,30,5,10,0,10
474,random,sb3_league,N/A,N/A,J1,12,30,30,12,13,0,13
475,random,sb3_league,N/A,N/A,J1,11,30,30,11,11,2,9
476,random,sb3_league,N/A,N/A,J1,11,30,30,11,4,2,2
477,random,sb3_league,N/A,N/A,J1,18,30,30,18,12,3,9
478,random,sb3_league,N/A,N/A,J1,15,30,30,15,9,3,6
479,random,sb3_league,N/A,N/A,J1,7,30,30,7,4,1,3
480,random,sb3_league,N/A,N/A,J1,12,30,30,12,14,1,13
481,random,sb3_league,N/A,N/A,J1,8,30,30,8,13,3,10
482,random,sb3_league,N/A,N/A,J1,8,30,30,8,11,0,11
483,random,sb3_league,N/A,N/A,J1,7,30,30,7,14,1,13
484,random,sb3_league,N/A,N/A,J1,5,30,30,5,12,1,11
485,random,sb3_league,N/A,N/A,J1,3,30,30,3,9,0,9
486,random,sb3_league,N/A,N/A,J1,5,30,30,5,12,0,12
487,random,sb3_league,N/A,N/A,J1,1,30,30,1,8,0,8
488,random,sb3_league,N/A,N/A,J1,10,30,30,10,10,1,9
489,random,sb3_league,N/A,N/A,J1,4,30,30,4,9,0,9
490,random,sb3_league,N/A,N/A,J1,9,30,30,9,11,1,10
491,random,sb3_league,N/A,N/A,J1,19,30,30,19,14,3,11
492,random,sb3_league,N/A,N/A,J1,8,30,30,8,10,1,9
493,random,sb3_league,N/A,N/A,J1,8,30,30,8,11,0,11
494,random,sb3_league,N/A,N/A,J1,12,30,30,12,11,0,11
495,random,sb3_league,N/A,N/A,J1,12,30,30,12,11,1,10
496,random,sb3_league,N/A,N/A,J1,6,30,30,6,4,2,2
497,random,sb3_league,N/A,N/A,J1,11,30,30,11,15,1,14
498,random,sb3_league,N/A,N/A,J1,8,30,30,8,11,1,10
499,random,sb3_league,N/A,N/A,J1,15,30,30,15,12,3,9
500,random,sb3_league,N/A,N/A,J0,30,0,0,30,1,1,0
501,random,sb3_league,N/A,N/A,J1,9,30,30,9,11,1,10
502,random,sb3_league,N/A,N/A,J1,2,30,30,2,13,0,13
503,random,sb3_league,N/A,N/A,J1,8,30,30,8,10,0,10
504,random,sb3_league,N/A,N/A,J1,13,30,30,13,11,0,11
505,random,sb3_league,N/A,N/A,J1,7,30,30,7,11,1,10
506,random,sb3_league,N/A,N/A,J1,19,30,30,19,11,2,9
507,random,sb3_league,N/A,N/A,J1,9,30,30,9,10,0,10
508,random,sb3_league,N/A,N/A,J1,15,30,30,15,16,3,13
509,random,sb3_league,N/A,N/A,J1,8,30,30,8,7,0,7
510,random,sb3_league,N/A,N/A,J0,30,0,0,30,0,0,0
511,random,sb3_league,N/A,N/A,J1,17,30,30,17,13,2,11
512,random,sb3_league,N/A,N/A,J1,6,30,30,6,12,1,11
513,random,sb3_league,N/A,N/A,J1,6,30,30,6,15,0,15
514,random,sb3_league,N/A,N/A,J1,20,30,30,20,16,3,13
515,random,sb3_league,N/A,N/A,J1,11,30,30,11,13,1,12
516,random,sb3_league,N/A,N/A,J1,14,30,30,14,13,2,11
517,random,sb3_league,N/A,N/A,J1,13,30,30,13,8,4,4
518,random,sb3_league,N/A,N/A,J1,10,30,30,10,10,1,9
519,random,sb3_league,N/A,N/A,J1,5,30,30,5,12,0,12
520,random,sb3_league,N/A,N/A,J1,6,30,30,6,13,0,13
521,random,sb3_league,N/A,N/A,J1,9,30,30,9,17,3,14
522,random,sb3_league,N/A,N/A,J1,21,30,30,21,11,1,10
523,random,sb3_league,N/A,N/A,J1,20,30,30,20,10,0,10
524,random,sb3_league,N/A,N/A,J1,14,30,30,14,12,0,12
525,random,sb3_league,N/A,N/A,J1,6,30,30,6,9,0,9
526,random,sb3_league,N/A,N/A,J1,13,30,30,13,12,2,10
527,random,sb3_league,N/A,N/A,J1,5,30,30,5,12,0,12
528,random,sb3_league,N/A,N/A,J1,16,30,30,16,14,1,13
529,random,sb3_league,N/A,N/A,J1,4,30,30,4,14,1,13
530,random,sb3_league,N/A,N/A,J1,8,30,30,8,12,1,11
531,random,sb3_league,N/A,N/A,J1,6,30,30,6,13,1,12
532,random,sb3_league,N/A,N/A,J1,7,30,30,7,11,0,11
533,random,sb3_league,N/A,N/A,J1,8,30,30,8,12,1,11
534,random,sb3_league,N/A,N/A,J1,1,30,30,1,12,0,12
535,random,sb3_league,N/A,N/A,J1,23,30,30,23,14,6,8
536,random,sb3_league,N/A,N/A,J1,13,30,30,13,13,1,12
537,random,sb3_league,N/A,N/A,J1,9,30,30,9,13,1,12
538,random,sb3_league,N/A,N/A,J1,4,30,30,4,11,0,11
539,random,sb3_league,N/A,N/A,J1,7,30,30,7,7,0,7
540,random,sb3_league,N/A,N/A,J0,30,6,6,30,5,1,4
541,random,sb3_league,N/A,N/A,J1,16,30,30,16,13,1,12
542,random,sb3_league,N/A,N/A,J1,7,30,30,7,13,0,13
543,random,sb3_league,N/A,N/A,J1,13,30,30,13,11,3,8
544,random,sb3_league,N/A,N/A,J1,5,30,30,5,12,1,11
545,random,sb3_league,N/A,N/A,J1,11,30,30,11,10,2,8
546,random,sb3_league,N/A,N/A,J1,3,30,30,3,9,0,9
547,random,sb3_league,N/A,N/A,J1,10,30,30,10,11,2,9
548,random,sb3_league,N/A,N/A,J1,7,30,30,7,12,2,10
549,random,sb3_league,N/A,N/A,J1,6,30,30,6,10,1,9
550,random,sb3_league,N/A,N/A,J1,6,30,30,6,9,0,9
551,random,sb3_league,N/A,N/A,J1,8,30,30,8,13,1,12
552,random,sb3_league,N/A,N/A,J0,30,23,23,30,14,4,10
553,random,sb3_league,N/A,N/A,J1,1,30,30,1,12,0,12
554,random,sb3_league,N/A,N/A,J1,12,30,30,12,12,2,10
555,random,sb3_league,N/A,N/A,J1,9,30,30,9,13,1,12
556,random,sb3_league,N/A,N/A,J0,30,18,18,30,12,3,9
557,random,sb3_league,N/A,N/A,J1,10,30,30,10,13,2,11
558,random,sb3_league,N/A,N/A,J0,30,8,8,30,9,3,6
559,random,sb3_league,N/A,N/A,J1,9,30,30,9,14,4,10
560,random,sb3_league,N/A,N/A,J1,7,30,30,7,9,1,8
561,random,sb3_league,N/A,N/A,J1,11,30,30,11,12,2,10
562,random,sb3_league,N/A,N/A,J1,12,30,30,12,15,2,13
563,random,sb3_league,N/A,N/A,J0,30,24,24,30,10,2,8
564,random,sb3_league,N/A,N/A,J1,8,30,30,8,11,1,10
565,random,sb3_league,N/A,N/A,J1,17,30,30,17,10,1,9
566,random,sb3_league,N/A,N/A,J1,12,30,30,12,13,0,13
567,random,sb3_league,N/A,N/A,J1,14,30,30,14,17,5,12
568,random,sb3_league,N/A,N/A,J1,28,30,30,28,15,3,12
569,random,sb3_league,N/A,N/A,J1,7,30,30,7,10,1,9
570,random,sb3_league,N/A,N/A,J1,24,30,30,24,17,4,13
571,random,sb3_league,N/A,N/A,J1,13,30,30,13,13,2,11
572,random,sb3_league,N/A,N/A,J1,6,30,30,6,9,1,8
573,random,sb3_league,N/A,N/A,J1,5,30,30,5,15,0,15
574,random,sb3_league,N/A,N/A,J1,4,30,30,4,12,2,10
575,random,sb3_league,N/A,N/A,J1,6,30,30,6,9,0,9
576,random,sb3_league,N/A,N/A,J0,30,22,22,30,12,2,10
577,random,sb3_league,N/A,N/A,J1,7,30,30,7,9,1,8
578,random,sb3_league,N/A,N/A,J1,7,30,30,7,14,1,13
579,random,sb3_league,N/A,N/A,J1,12,30,30,12,12,1,11
580,random,sb3_league,N/A,N/A,J1,3,30,30,3,10,0,10
581,random,sb3_league,N/A,N/A,J1,8,30,30,8,12,2,10
582,random,sb3_league,N/A,N/A,J1,21,30,30,21,16,4,12
583,random,sb3_league,N/A,N/A,J1,11,30,30,11,10,2,8
584,random,sb3_league,N/A,N/A,J1,3,30,30,3,10,1,9
585,random,sb3_league,N/A,N/A,J1,11,30,30,11,11,1,10
586,random,sb3_league,N/A,N/A,J1,13,30,30,13,13,1,12
587,random,sb3_league,N/A,N/A,J1,15,30,30,15,13,1,12
588,random,sb3_league,N/A,N/A,J0,30,20,20,30,13,5,8
589,random,sb3_league,N/A,N/A,J0,30,7,7,30,5,1,4
590,random,sb3_league,N/A,N/A,J1,13,30,30,13,13,2,11
591,random,sb3_league,N/A,N/A,J1,2,30,30,2,10,0,10
592,random,sb3_league,N/A,N/A,J1,9,30,30,9,10,0,10
593,random,sb3_league,N/A,N/A,J1,5,30,30,5,11,0,11
594,random,sb3_league,N/A,N/A,J1,14,30,30,14,14,2,12
595,random,sb3_league,N/A,N/A,J1,13,30,30,13,12,1,11
596,random,sb3_league,N/A,N/A,J1,10,30,30,10,11,1,10
597,random,sb3_league,N/A,N/A,J1,2,30,30,2,13,0,13
598,random,sb3_league,N/A,N/A,J1,25,30,30,25,16,3,13
599,random,sb3_league,N/A,N/A,J1,10,30,30,10,15,1,14
600,random,sb3_league,N/A,N/A,J1,13,30,30,13,9,2,7
601,random,sb3_league,N/A,N/A,J1,3,30,30,3,10,0,10
602,random,sb3_league,N/A,N/A,J1,8,30,30,8,14,0,14
603,random,sb3_league,N/A,N/A,J1,3,30,30,3,10,1,9
604,random,sb3_league,N/A,N/A,J1,8,30,30,8,9,1,8
605,random,sb3_league,N/A,N/A,J1,3,30,30,3,10,0,10
606,random,sb3_league,N/A,N/A,J1,7,30,30,7,11,0,11
607,random,sb3_league,N/A,N/A,J1,6,30,30,6,10,0,10
608,random,sb3_league,N/A,N/A,J1,7,30,30,7,8,0,8
609,random,sb3_league,N/A,N/A,J1,3,30,30,3,2,1,1
610,random,sb3_league,N/A,N/A,J1,6,30,30,6,10,0,10
611,random,sb3_league,N/A,N/A,J0,30,13,13,30,9,2,7
612,random,sb3_league,N/A,N/A,J1,9,30,30,9,5,2,3
613,random,sb3_league,N/A,N/A,J1,3,30,30,3,10,1,9
614,random,sb3_league,N/A,N/A,J1,6,30,30,6,12,1,11
615,random,sb3_league,N/A,N/A,J1,9,30,30,9,9,0,9
616,random,sb3_league,N/A,N/A,J1,15,30,30,15,11,1,10
617,random,sb3_league,N/A,N/A,J1,12,30,30,12,12,2,10
618,random,sb3_league,N/A,N/A,J1,4,30,30,4,11,0,11
619,random,sb3_league,N/A,N/A,J1,18,30,30,18,13,1,12
620,random,sb3_league,N/A,N/A,J1,16,30,30,16,12,1,11
621,random,sb3_league,N/A,N/A,J1,12,30,30,12,12,1,11
622,random,sb3_league,N/A,N/A,J1,5,30,30,5,13,1,12
623,random,sb3_league,N/A,N/A,J1,8,30,30,8,12,0,12
624,random,sb3_league,N/A,N/A,J1,9,30,30,9,11,0,11
625,random,sb3_league,N/A,N/A,J1,10,30,30,10,12,2,10
626,random,sb3_league,N/A,N/A,J1,1,30,30,1,13,0,13
627,random,sb3_league,N/A,N/A,J0,30,0,0,30,1,1,0
628,random,sb3_league,N/A,N/A,J1,6,30,30,6,10,1,9
629,random,sb3_league,N/A,N/A,J1,8,30,30,8,13,0,13
630,random,sb3_league,N/A,N/A,J1,6,30,30,6,12,1,11
631,random,sb3_league,N/A,N/A,J1,18,30,30,18,16,2,14
632,random,sb3_league,N/A,N/A,J1,18,30,30,18,10,1,9
633,random,sb3_league,N/A,N/A,J0,30,16,16,30,11,2,9
634,random,sb3_league,N/A,N/A,J1,6,30,30,6,8,0,8
635,random,sb3_league,N/A,N/A,J1,9,30,30,9,16,1,15
636,random,sb3_league,N/A,N/A,J1,6,30,30,6,11,0,11
637,random,sb3_league,N/A,N/A,J1,8,30,30,8,12,1,11
638,random,sb3_league,N/A,N/A,J1,14,30,30,14,10,1,9
639,random,sb3_league,N/A,N/A,J0,30,0,0,30,1,1,0
640,random,sb3_league,N/A,N/A,J1,24,30,30,24,13,3,10
641,random,sb3_league,N/A,N/A,J1,15,30,30,15,13,1,12
642,random,sb3_league,N/A,N/A,J1,13,30,30,13,12,1,11
643,random,sb3_league,N/A,N/A,J1,12,30,30,12,5,1,4
644,random,sb3_league,N/A,N/A,J1,10,30,30,10,11,2,9
645,random,sb3_league,N/A,N/A,J1,12,30,30,12,11,0,11
646,random,sb3_league,N/A,N/A,J1,12,30,30,12,10,2,8
647,random,sb3_league,N/A,N/A,J1,12,30,30,12,9,0,9
648,random,sb3_league,N/A,N/A,J1,3,30,30,3,9,0,9
649,random,sb3_league,N/A,N/A,J1,7,30,30,7,7,0,7
650,random,sb3_league,N/A,N/A,J1,6,30,30,6,11,1,10
651,random,sb3_league,N/A,N/A,J1,18,30,30,18,14,2,12
652,random,sb3_league,N/A,N/A,J1,7,30,30,7,12,0,12
653,random,sb3_league,N/A,N/A,J1,3,30,30,3,10,0,10
654,random,sb3_league,N/A,N/A,J1,8,30,30,8,10,3,7
655,random,sb3_league,N/A,N/A,J1,16,30,30,16,12,2,10
656,random,sb3_league,N/A,N/A,J1,11,30,30,11,13,2,11
657,random,sb3_league,N/A,N/A,J1,13,30,30,13,12,2,10
658,random,sb3_league,N/A,N/A,J1,4,30,30,4,10,0,10
659,random,sb3_league,N/A,N/A,J1,3,30,30,3,10,0,10
660,random,sb3_league,N/A,N/A,J1,24,30,30,24,16,4,12
661,random,sb3_league,N/A,N/A,J1,7,30,30,7,9,0,9
662,random,sb3_league,N/A,N/A,J1,10,30,30,10,15,1,14
663,random,sb3_league,N/A,N/A,J1,12,30,30,12,12,2,10
664,random,sb3_league,N/A,N/A,J1,13,30,30,13,17,2,15
665,random,sb3_league,N/A,N/A,J1,1,30,30,1,10,0,10
666,random,sb3_league,N/A,N/A,J0,30,22,22,30,14,4,10
667,random,sb3_league,N/A,N/A,J1,22,30,30,22,13,1,12
668,random,sb3_league,N/A,N/A,J1,5,30,30,5,11,1,10
669,random,sb3_league,N/A,N/A,J1,16,30,30,16,15,2,13
670,random,sb3_league,N/A,N/A,J1,14,30,30,14,14,1,13
671,random,sb3_league,N/A,N/A,J1,5,30,30,5,11,1,10
672,random,sb3_league,N/A,N/A,J1,0,30,30,0,0,0,0
673,random,sb3_league,N/A,N/A,J0,30,13,13,30,8,1,7
674,random,sb3_league,N/A,N/A,J1,24,30,30,24,16,4,12
675,random,sb3_league,N/A,N/A,J1,14,30,30,14,12,3,9
676,random,sb3_league,N/A,N/A,J1,15,30,30,15,11,1,10
677,random,sb3_league,N/A,N/A,J1,12,30,30,12,13,2,11
678,random,sb3_league,N/A,N/A,J1,9,30,30,9,16,0,16
679,random,sb3_league,N/A,N/A,J1,7,30,30,7,9,1,8
680,random,sb3_league,N/A,N/A,J1,5,30,30,5,10,1,9
681,random,sb3_league,N/A,N/A,J1,14,30,30,14,9,3,6
682,random,sb3_league,N/A,N/A,J0,30,24,24,30,16,3,13
683,random,sb3_league,N/A,N/A,J1,20,30,30,20,17,5,12
684,random,sb3_league,N/A,N/A,J1,10,30,30,10,13,2,11
685,random,sb3_league,N/A,N/A,J1,15,30,30,15,13,3,10
686,random,sb3_league,N/A,N/A,J1,19,30,30,19,12,2,10
687,random,sb3_league,N/A,N/A,J1,10,30,30,10,10,1,9
688,random,sb3_league,N/A,N/A,J1,8,30,30,8,14,1,13
689,random,sb3_league,N/A,N/A,J1,8,30,30,8,12,0,12
690,random,sb3_league,N/A,N/A,J1,9,30,30,9,9,1,8
691,random,sb3_league,N/A,N/A,J1,6,30,30,6,11,1,10
692,random,sb3_league,N/A,N/A,J1,23,30,30,23,16,3,13
693,random,sb3_league,N/A,N/A,J1,20,30,30,20,8,2,6
694,random,sb3_league,N/A,N/A,J1,5,30,30,5,10,1,9
695,random,sb3_league,N/A,N/A,J1,4,30,30,4,12,2,10
696,random,sb3_league,N/A,N/A,J0,30,1,1,30,2,1,1
697,random,sb3_league,N/A,N/A,J0,30,16,16,30,9,1,8
698,random,sb3_league,N/A,N/A,J1,3,30,30,3,12,0,12
699,random,sb3_league,N/A,N/A,J1,6,30,30,6,3,1,2
700,random,sb3_league,N/A,N/A,J1,19,30,30,19,11,1,10
701,random,sb3_league,N/A,N/A,J1,5,30,30,5,9,1,8
702,random,sb3_league,N/A,N/A,J1,10,30,30,10,14,2,12
703,random,sb3_league,N/A,N/A,J1,5,30,30,5,12,0,12
704,random,sb3_league,N/A,N/A,J1,13,30,30,13,15,1,14
705,random,sb3_league,N/A,N/A,J1,5,30,30,5,10,0,10
706,random,sb3_league,N/A,N/A,J1,10,30,30,10,15,1,14
707,random,sb3_league,N/A,N/A,J1,4,30,30,4,10,0,10
708,random,sb3_league,N/A,N/A,J1,10,30,30,10,14,0,14
709,random,sb3_league,N/A,N/A,J1,3,30,30,3,11,0,11
710,random,sb3_league,N/A,N/A,J1,6,30,30,6,12,1,11
711,random,sb3_league,N/A,N/A,J1,5,30,30,5,11,0,11
712,random,sb3_league,N/A,N/A,J1,10,30,30,10,13,1,12
713,random,sb3_league,N/A,N/A,J1,7,30,30,7,9,1,8
714,random,sb3_league,N/A,N/A,J1,7,30,30,7,13,0,13
715,random,sb3_league,N/A,N/A,J1,16,30,30,16,14,3,11
716,random,sb3_league,N/A,N/A,J1,14,30,30,14,17,2,15
717,random,sb3_league,N/A,N/A,J1,14,30,30,14,8,1,7
718,random,sb3_league,N/A,N/A,J1,13,30,30,13,9,2,7
719,random,sb3_league,N/A,N/A,J1,1,30,30,1,6,0,6
720,random,sb3_league,N/A,N/A,J1,0,30,30,0,0,0,0
721,random,sb3_league,N/A,N/A,J1,4,30,30,4,9,0,9
722,random,sb3_league,N/A,N/A,J1,7,30,30,7,14,1,13
723,random,sb3_league,N/A,N/A,J1,10,30,30,10,12,1,11
724,random,sb3_league,N/A,N/A,J1,3,30,30,3,9,0,9
725,random,sb3_league,N/A,N/A,J1,18,30,30,18,15,1,14
726,random,sb3_league,N/A,N/A,J1,17,30,30,17,15,1,14
727,random,sb3_league,N/A,N/A,J1,3,30,30,3,8,0,8
728,random,sb3_league,N/A,N/A,J1,9,30,30,9,14,1,13
729,random,sb3_league,N/A,N/A,J1,16,30,30,16,8,3,5
730,random,sb3_league,N/A,N/A,J0,30,25,25,30,15,1,14
731,random,sb3_league,N/A,N/A,J1,12,30,30,12,14,1,13
732,random,sb3_league,N/A,N/A,J1,8,30,30,8,10,0,10
733,random,sb3_league,N/A,N/A,J1,26,30,30,26,12,3,9
734,random,sb3_league,N/A,N/A,J1,6,30,30,6,8,0,8
735,random,sb3_league,N/A,N/A,J1,4,30,30,4,10,1,9
736,random,sb3_league,N/A,N/A,J1,6,30,30,6,11,1,10
737,random,sb3_league,N/A,N/A,J1,18,30,30,18,14,3,11
738,random,sb3_league,N/A,N/A,J1,11,30,30,11,14,1,13
739,random,sb3_league,N/A,N/A,J1,8,30,30,8,13,1,12
740,random,sb3_league,N/A,N/A,J1,4,30,30,4,11,1,10
741,random,sb3_league,N/A,N/A,J1,5,30,30,5,10,0,10
742,random,sb3_league,N/A,N/A,J0,30,28,28,30,13,2,11
743,random,sb3_league,N/A,N/A,J1,11,30,30,11,11,1,10
744,random,sb3_league,N/A,N/A,J1,13,30,30,13,14,2,12
745,random,sb3_league,N/A,N/A,J1,10,30,30,10,10,3,7
746,random,sb3_league,N/A,N/A,J1,10,30,30,10,5,2,3
747,random,sb3_league,N/A,N/A,J1,16,30,30,16,12,4,8
748,random,sb3_league,N/A,N/A,J1,2,30,30,2,9,0,9
749,random,sb3_league,N/A,N/A,J0,30,2,2,30,1,0,1
750,random,sb3_league,N/A,N/A,J1,3,30,30,3,8,0,8
751,random,sb3_league,N/A,N/A,J1,7,30,30,7,10,1,9
752,random,sb3_league,N/A,N/A,J1,18,30,30,18,9,2,7
753,random,sb3_league,N/A,N/A,J1,10,30,30,10,12,0,12
754,random,sb3_league,N/A,N/A,J1,14,30,30,14,14,4,10
755,random,sb3_league,N/A,N/A,J1,10,30,30,10,13,2,11
756,random,sb3_league,N/A,N/A,J1,7,30,30,7,11,0,11
757,random,sb3_league,N/A,N/A,J1,8,30,30,8,12,0,12
758,random,sb3_league,N/A,N/A,J1,11,30,30,11,10,2,8
759,random,sb3_league,N/A,N/A,J1,5,30,30,5,10,0,10
760,random,sb3_league,N/A,N/A,J1,26,30,30,26,13,2,11
761,random,sb3_league,N/A,N/A,J1,6,30,30,6,13,2,11
762,random,sb3_league,N/A,N/A,J1,3,30,30,3,10,0,10
763,random,sb3_league,N/A,N/A,J1,10,30,30,10,5,1,4
764,random,sb3_league,N/A,N/A,J0,30,15,15,30,10,2,8
765,random,sb3_league,N/A,N/A,J1,9,30,30,9,10,2,8
766,random,sb3_league,N/A,N/A,J1,9,30,30,9,14,3,11
767,random,sb3_league,N/A,N/A,J1,12,30,30,12,12,1,11
768,random,sb3_league,N/A,N/A,J1,6,30,30,6,10,1,9
769,random,sb3_league,N/A,N/A,J1,3,30,30,3,7,0,7
770,random,sb3_league,N/A,N/A,J1,16,30,30,16,9,3,6
771,random,sb3_league,N/A,N/A,J1,10,30,30,10,11,0,11
772,random,sb3_league,N/A,N/A,J1,11,30,30,11,11,1,10
773,random,sb3_league,N/A,N/A,J1,18,30,30,18,14,3,11
774,random,sb3_league,N/A,N/A,J1,5,30,30,5,11,0,11
775,random,sb3_league,N/A,N/A,J1,15,30,30,15,13,2,11
776,random,sb3_league,N/A,N/A,J1,16,30,30,16,12,2,10
777,random,sb3_league,N/A,N/A,J1,12,30,30,12,12,1,11
778,random,sb3_league,N/A,N/A,J1,23,30,30,23,15,3,12
779,random,sb3_league,N/A,N/A,J1,5,30,30,5,8,1,7
780,random,sb3_league,N/A,N/A,J1,2,30,30,2,10,0,10
781,random,sb3_league,N/A,N/A,J1,17,30,30,17,15,4,11
782,random,sb3_league,N/A,N/A,J1,6,30,30,6,10,0,10
783,random,sb3_league,N/A,N/A,J1,11,30,30,11,11,2,9
784,random,sb3_league,N/A,N/A,J1,11,30,30,11,12,3,9
785,random,sb3_league,N/A,N/A,J1,18,30,30,18,12,1,11
786,random,sb3_league,N/A,N/A,J0,30,1,1,30,1,0,1
787,random,sb3_league,N/A,N/A,J1,4,30,30,4,15,0,15
788,random,sb3_league,N/A,N/A,J1,8,30,30,8,11,0,11
789,random,sb3_league,N/A,N/A,J1,7,30,30,7,12,0,12
790,random,sb3_league,N/A,N/A,J1,15,30,30,15,12,4,8
791,random,sb3_league,N/A,N/A,J1,2,30,30,2,11,0,11
792,random,sb3_league,N/A,N/A,J1,12,30,30,12,12,2,10
793,random,sb3_league,N/A,N/A,J1,8,30,30,8,13,0,13
794,random,sb3_league,N/A,N/A,J1,10,30,30,10,7,2,5
795,random,sb3_league,N/A,N/A,J1,5,30,30,5,10,1,9
796,random,sb3_league,N/A,N/A,J1,2,30,30,2,11,0,11
797,random,sb3_league,N/A,N/A,J1,16,30,30,16,11,1,10
798,random,sb3_league,N/A,N/A,J1,10,30,30,10,8,1,7
799,random,sb3_league,N/A,N/A,J1,12,30,30,12,13,2,11
800,random,sb3_league,N/A,N/A,J1,14,30,30,14,14,1,13
801,random,sb3_league,N/A,N/A,J1,27,30,30,27,17,4,13
802,random,sb3_league,N/A,N/A,J1,21,30,30,21,13,3,10
803,random,sb3_league,N/A,N/A,J1,19,30,30,19,19,4,15
804,random,sb3_league,N/A,N/A,J1,12,30,30,12,9,3,6
805,random,sb3_league,N/A,N/A,J1,17,30,30,17,11,3,8
806,random,sb3_league,N/A,N/A,J1,5,30,30,5,11,0,11
807,random,sb3_league,N/A,N/A,J1,8,30,30,8,11,1,10
808,random,sb3_league,N/A,N/A,J1,11,30,30,11,12,2,10
809,random,sb3_league,N/A,N/A,J1,5,30,30,5,8,0,8
810,random,sb3_league,N/A,N/A,J1,2,30,30,2,8,1,7
811,random,sb3_league,N/A,N/A,J0,30,10,10,30,8,3,5
812,random,sb3_league,N/A,N/A,J1,8,30,30,8,6,2,4
813,random,sb3_league,N/A,N/A,J1,11,30,30,11,12,0,12
814,random,sb3_league,N/A,N/A,J1,5,30,30,5,11,0,11
815,random,sb3_league,N/A,N/A,J1,11,30,30,11,7,2,5
816,random,sb3_league,N/A,N/A,J1,23,30,30,23,14,2,12
817,random,sb3_league,N/A,N/A,J1,11,30,30,11,13,2,11
818,random,sb3_league,N/A,N/A,J1,4,30,30,4,11,0,11
819,random,sb3_league,N/A,N/A,J1,29,30,30,29,15,3,12
820,random,sb3_league,N/A,N/A,J1,5,30,30,5,11,1,10
821,random,sb3_league,N/A,N/A,J1,17,30,30,17,14,2,12
822,random,sb3_league,N/A,N/A,J0,30,8,8,30,4,3,1
823,random,sb3_league,N/A,N/A,J1,10,30,30,10,10,0,10
824,random,sb3_league,N/A,N/A,J1,14,30,30,14,13,4,9
825,random,sb3_league,N/A,N/A,J1,6,30,30,6,10,3,7
826,random,sb3_league,N/A,N/A,J1,4,30,30,4,12,0,12
827,random,sb3_league,N/A,N/A,J1,5,30,30,5,10,0,10
828,random,sb3_league,N/A,N/A,J1,8,30,30,8,5,0,5
829,random,sb3_league,N/A,N/A,J1,9,30,30,9,11,0,11
830,random,sb3_league,N/A,N/A,J1,4,30,30,4,10,0,10
831,random,sb3_league,N/A,N/A,J1,3,30,30,3,8,0,8
832,random,sb3_league,N/A,N/A,J1,3,30,30,3,10,0,10
833,random,sb3_league,N/A,N/A,J1,15,30,30,15,12,3,9
834,random,sb3_league,N/A,N/A,J1,5,30,30,5,10,0,10
835,random,sb3_league,N/A,N/A,J1,19,30,30,19,16,4,12
836,random,sb3_league,N/A,N/A,J1,13,30,30,13,14,0,14
837,random,sb3_league,N/A,N/A,J1,15,30,30,15,8,2,6
838,random,sb3_league,N/A,N/A,J1,10,30,30,10,13,0,13
839,random,sb3_league,N/A,N/A,J1,10,30,30,10,12,1,11
840,random,sb3_league,N/A,N/A,J1,29,30,30,29,11,1,10
841,random,sb3_league,N/A,N/A,J1,11,30,30,11,10,1,9
842,random,sb3_league,N/A,N/A,J1,6,30,30,6,7,1,6
843,random,sb3_league,N/A,N/A,J0,30,8,8,30,5,1,4
844,random,sb3_league,N/A,N/A,J1,11,30,30,11,11,1,10
845,random,sb3_league,N/A,N/A,J1,8,30,30,8,10,2,8
846,random,sb3_league,N/A,N/A,J1,11,30,30,11,16,2,14
847,random,sb3_league,N/A,N/A,J1,6,30,30,6,10,0,10
848,random,sb3_league,N/A,N/A,J1,26,30,30,26,10,2,8
849,random,sb3_league,N/A,N/A,J1,8,30,30,8,9,1,8
850,random,sb3_league,N/A,N/A,J1,3,30,30,3,13,0,13
851,random,sb3_league,N/A,N/A,J1,2,30,30,2,8,0,8
852,random,sb3_league,N/A,N/A,J1,9,30,30,9,11,2,9
853,random,sb3_league,N/A,N/A,J1,5,30,30,5,13,1,12
854,random,sb3_league,N/A,N/A,J1,4,30,30,4,1,0,1
855,random,sb3_league,N/A,N/A,J1,8,30,30,8,10,2,8
856,random,sb3_league,N/A,N/A,J1,6,30,30,6,11,0,11
857,random,sb3_league,N/A,N/A,J1,15,30,30,15,16,3,13
858,random,sb3_league,N/A,N/A,J1,5,30,30,5,12,1,11
859,random,sb3_league,N/A,N/A,J1,1,30,30,1,7,0,7
860,random,sb3_league,N/A,N/A,J1,18,30,30,18,13,4,9
861,random,sb3_league,N/A,N/A,J1,6,30,30,6,12,0,12
862,random,sb3_league,N/A,N/A,J1,13,30,30,13,13,2,11
863,random,sb3_league,N/A,N/A,J1,8,30,30,8,8,0,8
864,random,sb3_league,N/A,N/A,J1,24,30,30,24,17,5,12
865,random,sb3_league,N/A,N/A,J1,22,30,30,22,15,3,12
866,random,sb3_league,N/A,N/A,J1,8,30,30,8,14,2,12
867,random,sb3_league,N/A,N/A,J1,12,30,30,12,10,2,8
868,random,sb3_league,N/A,N/A,J1,13,30,30,13,16,1,15
869,random,sb3_league,N/A,N/A,J1,6,30,30,6,10,0,10
870,random,sb3_league,N/A,N/A,J1,15,30,30,15,12,1,11
871,random,sb3_league,N/A,N/A,J1,8,30,30,8,10,1,9
872,random,sb3_league,N/A,N/A,J1,11,30,30,11,8,1,7
873,random,sb3_league,N/A,N/A,J1,1,30,30,1,13,0,13
874,random,sb3_league,N/A,N/A,J1,27,30,30,27,12,3,9
875,random,sb3_league,N/A,N/A,J1,9,30,30,9,13,1,12
876,random,sb3_league,N/A,N/A,J1,11,30,30,11,11,1,10
877,random,sb3_league,N/A,N/A,J1,13,30,30,13,14,1,13
878,random,sb3_league,N/A,N/A,J1,4,30,30,4,10,1,9
879,random,sb3_league,N/A,N/A,J1,5,30,30,5,9,0,9
880,random,sb3_league,N/A,N/A,J1,4,30,30,4,10,0,10
881,random,sb3_league,N/A,N/A,J1,12,30,30,12,15,2,13
882,random,sb3_league,N/A,N/A,J1,5,30,30,5,10,0,10
883,random,sb3_league,N/A,N/A,J1,10,30,30,10,10,1,9
884,random,sb3_league,N/A,N/A,J1,8,30,30,8,12,1,11
885,random,sb3_league,N/A,N/A,J1,5,30,30,5,8,1,7
886,random,sb3_league,N/A,N/A,J1,12,30,30,12,16,3,13
887,random,sb3_league,N/A,N/A,J1,6,30,30,6,12,0,12
888,random,sb3_league,N/A,N/A,J1,22,30,30,22,15,2,13
889,random,sb3_league,N/A,N/A,J1,3,30,30,3,9,0,9
890,random,sb3_league,N/A,N/A,J1,2,30,30,2,9,1,8
891,random,sb3_league,N/A,N/A,J1,26,30,30,26,15,4,11
892,random,sb3_league,N/A,N/A,J1,5,30,30,5,10,0,10
893,random,sb3_league,N/A,N/A,J1,4,30,30,4,1,1,0
894,random,sb3_league,N/A,N/A,J1,18,30,30,18,12,4,8
895,random,sb3_league,N/A,N/A,J1,24,30,30,24,16,4,12
896,random,sb3_league,N/A,N/A,J1,25,30,30,25,14,3,11
897,random,sb3_league,N/A,N/A,J1,4,30,30,4,10,0,10
898,random,sb3_league,N/A,N/A,J0,30,22,22,30,12,1,11
899,random,sb3_league,N/A,N/A,J1,9,30,30,9,17,1,16
900,random,sb3_league,N/A,N/A,J1,21,30,30,21,13,2,11
901,random,sb3_league,N/A,N/A,J1,20,30,30,20,15,2,13
902,random,sb3_league,N/A,N/A,J1,12,30,30,12,9,1,8
903,random,sb3_league,N/A,N/A,J1,5,30,30,5,11,1,10
904,random,sb3_league,N/A,N/A,J1,4,30,30,4,12,2,10
905,random,sb3_league,N/A,N/A,J1,3,30,30,3,10,1,9
906,random,sb3_league,N/A,N/A,J0,30,8,8,30,6,1,5
907,random,sb3_league,N/A,N/A,J1,8,30,30,8,12,2,10
908,random,sb3_league,N/A,N/A,J1,7,30,30,7,14,1,13
909,random,sb3_league,N/A,N/A,J1,13,30,30,13,10,2,8
910,random,sb3_league,N/A,N/A,J1,5,30,30,5,16,0,16
911,random,sb3_league,N/A,N/A,J1,25,30,30,25,17,3,14
912,random,sb3_league,N/A,N/A,J1,5,30,30,5,9,0,9
913,random,sb3_league,N/A,N/A,J1,3,30,30,3,9,0,9
914,random,sb3_league,N/A,N/A,J1,8,30,30,8,11,0,11
915,random,sb3_league,N/A,N/A,J0,30,5,5,30,4,1,3
916,random,sb3_league,N/A,N/A,J1,8,30,30,8,13,1,12
917,random,sb3_league,N/A,N/A,J1,2,30,30,2,11,0,11
918,random,sb3_league,N/A,N/A,J1,2,30,30,2,12,1,11
919,random,sb3_league,N/A,N/A,J1,12,30,30,12,11,0,11
920,random,sb3_league,N/A,N/A,J1,5,30,30,5,9,0,9
921,random,sb3_league,N/A,N/A,J1,19,30,30,19,10,0,10
922,random,sb3_league,N/A,N/A,J1,15,30,30,15,13,0,13
923,random,sb3_league,N/A,N/A,J1,11,30,30,11,8,1,7
924,random,sb3_league,N/A,N/A,J1,12,30,30,12,13,0,13
925,random,sb3_league,N/A,N/A,J1,11,30,30,11,5,1,4
926,random,sb3_league,N/A,N/A,J1,1,30,30,1,12,0,12
927,random,sb3_league,N/A,N/A,J1,17,30,30,17,14,4,10
928,random,sb3_league,N/A,N/A,J1,7,30,30,7,9,2,7
929,random,sb3_league,N/A,N/A,J1,7,30,30,7,10,0,10
930,random,sb3_league,N/A,N/A,J1,6,30,30,6,12,1,11
931,random,sb3_league,N/A,N/A,J1,16,30,30,16,13,1,12
932,random,sb3_league,N/A,N/A,J1,5,30,30,5,14,1,13
933,random,sb3_league,N/A,N/A,J1,7,30,30,7,2,1,1
934,random,sb3_league,N/A,N/A,J1,7,30,30,7,11,0,11
935,random,sb3_league,N/A,N/A,J1,16,30,30,16,11,0,11
936,random,sb3_league,N/A,N/A,J1,8,30,30,8,13,1,12
937,random,sb3_league,N/A,N/A,J1,9,30,30,9,11,1,10
938,random,sb3_league,N/A,N/A,J0,30,11,11,30,8,2,6
939,random,sb3_league,N/A,N/A,J1,14,30,30,14,13,3,10
940,random,sb3_league,N/A,N/A,J1,7,30,30,7,11,0,11
941,random,sb3_league,N/A,N/A,J1,4,30,30,4,12,0,12
942,random,sb3_league,N/A,N/A,J1,15,30,30,15,13,1,12
943,random,sb3_league,N/A,N/A,J1,8,30,30,8,13,1,12
944,random,sb3_league,N/A,N/A,J1,17,30,30,17,16,1,15
945,random,sb3_league,N/A,N/A,J1,6,30,30,6,10,0,10
946,random,sb3_league,N/A,N/A,J1,7,30,30,7,8,0,8
947,random,sb3_league,N/A,N/A,J1,12,30,30,12,16,2,14
948,random,sb3_league,N/A,N/A,J1,7,30,30,7,11,1,10
949,random,sb3_league,N/A,N/A,J1,9,30,30,9,11,1,10
950,random,sb3_league,N/A,N/A,J0,30,7,7,30,6,1,5
951,random,sb3_league,N/A,N/A,J0,30,18,18,30,10,3,7
952,random,sb3_league,N/A,N/A,J1,16,30,30,16,15,2,13
953,random,sb3_league,N/A,N/A,J1,5,30,30,5,4,1,3
954,random,sb3_league,N/A,N/A,J1,10,30,30,10,12,0,12
955,random,sb3_league,N/A,N/A,J1,24,30,30,24,14,1,13
956,random,sb3_league,N/A,N/A,J1,9,30,30,9,11,2,9
957,random,sb3_league,N/A,N/A,J1,9,30,30,9,14,3,11
958,random,sb3_league,N/A,N/A,J1,14,30,30,14,15,1,14
959,random,sb3_league,N/A,N/A,J1,7,30,30,7,11,1,10
960,random,sb3_league,N/A,N/A,J1,21,30,30,21,18,2,16
961,random,sb3_league,N/A,N/A,J1,6,30,30,6,12,1,11
962,random,sb3_league,N/A,N/A,J1,3,30,30,3,10,0,10
963,random,sb3_league,N/A,N/A,J1,7,30,30,7,13,1,12
964,random,sb3_league,N/A,N/A,J1,3,30,30,3,10,0,10
965,random,sb3_league,N/A,N/A,J1,10,30,30,10,9,0,9
966,random,sb3_league,N/A,N/A,J1,3,30,30,3,11,0,11
967,random,sb3_league,N/A,N/A,J1,6,30,30,6,13,0,13
968,random,sb3_league,N/A,N/A,J0,30,5,5,30,4,1,3
969,random,sb3_league,N/A,N/A,J1,9,30,30,9,13,0,13
970,random,sb3_league,N/A,N/A,J1,9,30,30,9,12,2,10
971,random,sb3_league,N/A,N/A,J1,9,30,30,9,11,3,8
972,random,sb3_league,N/A,N/A,J1,8,30,30,8,11,0,11
973,random,sb3_league,N/A,N/A,J1,10,30,30,10,12,3,9
974,random,sb3_league,N/A,N/A,J1,2,30,30,2,10,0,10
975,random,sb3_league,N/A,N/A,J1,7,30,30,7,13,0,13
976,random,sb3_league,N/A,N/A,J1,6,30,30,6,13,0,13
977,random,sb3_league,N/A,N/A,J1,6,30,30,6,10,2,8
978,random,sb3_league,N/A,N/A,J1,14,30,30,14,14,4,10
979,random,sb3_league,N/A,N/A,J1,23,30,30,23,13,6,7
980,random,sb3_league,N/A,N/A,J1,16,30,30,16,11,2,9
981,random,sb3_league,N/A,N/A,J0,30,4,4,30,2,0,2
982,random,sb3_league,N/A,N/A,J1,13,30,30,13,15,1,14
983,random,sb3_league,N/A,N/A,J1,17,30,30,17,12,1,11
984,random,sb3_league,N/A,N/A,J1,11,30,30,11,11,1,10
985,random,sb3_league,N/A,N/A,J1,7,30,30,7,12,1,11
986,random,sb3_league,N/A,N/A,J1,16,30,30,16,9,1,8
987,random,sb3_league,N/A,N/A,J1,14,30,30,14,10,2,8
988,random,sb3_league,N/A,N/A,J1,12,30,30,12,12,2,10
989,random,sb3_league,N/A,N/A,J1,1,30,30,1,7,0,7
990,random,sb3_league,N/A,N/A,J0,30,12,12,30,7,0,7
991,random,sb3_league,N/A,N/A,J1,3,30,30,3,10,1,9
992,random,sb3_league,N/A,N/A,J1,5,30,30,5,9,1,8
993,random,sb3_league,N/A,N/A,J1,7,30,30,7,9,1,8
994,random,sb3_league,N/A,N/A,J1,14,30,30,14,13,2,11
995,random,sb3_league,N/A,N/A,J1,10,30,30,10,10,0,10
996,random,sb3_league,N/A,N/A,J1,14,30,30,14,13,2,11
997,random,sb3_league,N/A,N/A,J1,6,30,30,6,10,0,10
998,random,sb3_league,N/A,N/A,J1,10,30,30,10,12,0,12
999,random,sb3_league,N/A,N/A,J1,15,30,30,15,15,3,12
1000,random,sb3_league,N/A,N/A,J1,8,30,30,8,11,2,9
