game,agent_0,agent_1,q_table_j0,q_table_j1,winner,points_j0,points_j1,points_lost_j0,points_lost_j1,hands_played,hands_won_j0,hands_won_j1
1,sb3_league,rational,N/A,N/A,J1,20,30,30,20,15,5,10
2,sb3_league,rational,N/A,N/A,J0,30,29,29,30,18,11,7
3,sb3_league,rational,N/A,N/A,J1,16,30,30,16,8,6,2
4,sb3_league,rational,N/A,N/A,J0,30,14,14,30,11,11,0
5,sb3_league,rational,N/A,N/A,J0,30,26,26,30,17,10,7
6,sb3_league,rational,N/A,N/A,J1,0,30,30,0,0,0,0
7,sb3_league,rational,N/A,N/A,J1,27,30,30,27,16,11,5
8,sb3_league,rational,N/A,N/A,J1,24,30,30,24,17,11,6
9,sb3_league,rational,N/A,N/A,J1,18,30,30,18,9,6,3
10,sb3_league,rational,N/A,N/A,J0,30,29,29,30,16,9,7
11,sb3_league,rational,N/A,N/A,J0,30,26,26,30,17,8,9
12,sb3_league,rational,N/A,N/A,J0,30,19,19,30,15,10,5
13,sb3_league,rational,N/A,N/A,J1,20,30,30,20,12,9,3
14,sb3_league,rational,N/A,N/A,J1,0,30,30,0,0,0,0
15,sb3_league,rational,N/A,N/A,J1,10,30,30,10,5,4,1
16,sb3_league,rational,N/A,N/A,J0,30,18,18,30,15,10,5
17,sb3_league,rational,N/A,N/A,J0,30,26,26,30,16,9,7
18,sb3_league,rational,N/A,N/A,J0,30,20,20,30,16,12,4
19,sb3_league,rational,N/A,N/A,J1,8,30,30,8,6,4,2
20,sb3_league,rational,N/A,N/A,J1,12,30,30,12,11,6,5
21,sb3_league,rational,N/A,N/A,J0,30,15,15,30,12,9,3
22,sb3_league,rational,N/A,N/A,J1,16,30,30,16,12,4,8
23,sb3_league,rational,N/A,N/A,J0,30,26,26,30,17,9,8
24,sb3_league,rational,N/A,N/A,J0,30,28,28,30,19,8,11
25,sb3_league,rational,N/A,N/A,J0,30,26,26,30,12,9,3
26,sb3_league,rational,N/A,N/A,J1,22,30,30,22,16,8,8
27,sb3_league,rational,N/A,N/A,J1,24,30,30,24,18,9,9
28,sb3_league,rational,N/A,N/A,J1,0,30,30,0,0,0,0
29,sb3_league,rational,N/A,N/A,J1,0,30,30,0,0,0,0
30,sb3_league,rational,N/A,N/A,J1,0,30,30,0,0,0,0
31,sb3_league,rational,N/A,N/A,J0,30,23,23,30,17,10,7
32,sb3_league,rational,N/A,N/A,J0,30,17,17,30,15,11,4
33,sb3_league,rational,N/A,N/A,J1,14,30,30,14,15,6,9
34,sb3_league,rational,N/A,N/A,J0,30,11,11,30,13,9,4
35,sb3_league,rational,N/A,N/A,J1,26,30,30,26,16,9,7
36,sb3_league,rational,N/A,N/A,J1,29,30,30,29,18,12,6
37,sb3_league,rational,N/A,N/A,J1,25,30,30,25,17,7,10
38,sb3_league,rational,N/A,N/A,J0,30,23,23,30,18,10,8
39,sb3_league,rational,N/A,N/A,J1,27,30,30,27,16,11,5
40,sb3_league,rational,N/A,N/A,J0,30,28,28,30,19,10,9
41,sb3_league,rational,N/A,N/A,J1,22,30,30,22,15,7,8
42,sb3_league,rational,N/A,N/A,J0,30,26,26,30,18,9,9
43,sb3_league,rational,N/A,N/A,J0,30,0,0,30,0,0,0
44,sb3_league,rational,N/A,N/A,J1,16,30,30,16,14,7,7
45,sb3_league,rational,N/A,N/A,J1,24,30,30,24,17,10,7
46,sb3_league,rational,N/A,N/A,J1,29,30,30,29,18,12,6
47,sb3_league,rational,N/A,N/A,J1,22,30,30,22,15,7,8
48,sb3_league,rational,N/A,N/A,J0,30,28,28,30,19,9,10
49,sb3_league,rational,N/A,N/A,J0,30,8,8,30,12,9,3
50,sb3_league,rational,N/A,N/A,J1,11,30,30,11,12,4,8
51,sb3_league,rational,N/A,N/A,J1,17,30,30,17,14,7,7
52,sb3_league,rational,N/A,N/A,J1,0,30,30,0,0,0,0
53,sb3_league,rational,N/A,N/A,J0,30,19,19,30,15,12,3
54,sb3_league,rational,N/A,N/A,J0,30,22,22,30,17,9,8
55,sb3_league,rational,N/A,N/A,J0,30,8,8,30,11,10,1
56,sb3_league,rational,N/A,N/A,J1,29,30,30,29,19,13,6
57,sb3_league,rational,N/A,N/A,J0,30,22,22,30,16,10,6
58,sb3_league,rational,N/A,N/A,J1,23,30,30,23,15,6,9
59,sb3_league,rational,N/A,N/A,J1,0,30,30,0,0,0,0
60,sb3_league,rational,N/A,N/A,J0,30,19,19,30,17,13,4
61,sb3_league,rational,N/A,N/A,J1,24,30,30,24,19,11,8
62,sb3_league,rational,N/A,N/A,J0,30,9,9,30,14,10,4
63,sb3_league,rational,N/A,N/A,J0,30,6,6,30,6,5,1
64,sb3_league,rational,N/A,N/A,J1,23,30,30,23,15,6,9
65,sb3_league,rational,N/A,N/A,J1,13,30,30,13,13,5,8
66,sb3_league,rational,N/A,N/A,J1,13,30,30,13,13,6,7
67,sb3_league,rational,N/A,N/A,J1,13,30,30,13,13,6,7
68,sb3_league,rational,N/A,N/A,J1,0,30,30,0,1,0,1
69,sb3_league,rational,N/A,N/A,J1,18,30,30,18,16,5,11
70,sb3_league,rational,N/A,N/A,J0,30,25,25,30,17,12,5
71,sb3_league,rational,N/A,N/A,J0,30,28,28,30,18,11,7
72,sb3_league,rational,N/A,N/A,J0,30,21,21,30,15,10,5
73,sb3_league,rational,N/A,N/A,J1,26,30,30,26,14,12,2
74,sb3_league,rational,N/A,N/A,J0,30,28,28,30,17,9,8
75,sb3_league,rational,N/A,N/A,J1,26,30,30,26,19,10,9
76,sb3_league,rational,N/A,N/A,J0,30,22,22,30,13,8,5
77,sb3_league,rational,N/A,N/A,J1,24,30,30,24,16,8,8
78,sb3_league,rational,N/A,N/A,J1,12,30,30,12,13,4,9
79,sb3_league,rational,N/A,N/A,J0,30,18,18,30,15,10,5
80,sb3_league,rational,N/A,N/A,J0,30,16,16,30,17,11,6
81,sb3_league,rational,N/A,N/A,J1,14,30,30,14,15,6,9
82,sb3_league,rational,N/A,N/A,J1,9,30,30,9,11,5,6
83,sb3_league,rational,N/A,N/A,J0,30,7,7,30,13,12,1
84,sb3_league,rational,N/A,N/A,J1,21,30,30,21,15,9,6
85,sb3_league,rational,N/A,N/A,J1,10,30,30,10,6,5,1
86,sb3_league,rational,N/A,N/A,J0,30,29,29,30,19,11,8
87,sb3_league,rational,N/A,N/A,J0,30,0,0,30,0,0,0
88,sb3_league,rational,N/A,N/A,J1,20,30,30,20,14,6,8
89,sb3_league,rational,N/A,N/A,J1,24,30,30,24,16,9,7
90,sb3_league,rational,N/A,N/A,J0,30,10,10,30,14,9,5
91,sb3_league,rational,N/A,N/A,J1,0,30,30,0,0,0,0
92,sb3_league,rational,N/A,N/A,J1,0,30,30,0,1,0,1
93,sb3_league,rational,N/A,N/A,J1,25,30,30,25,17,8,9
94,sb3_league,rational,N/A,N/A,J1,21,30,30,21,17,10,7
95,sb3_league,rational,N/A,N/A,J1,14,30,30,14,11,3,8
96,sb3_league,rational,N/A,N/A,J0,30,27,27,30,18,11,7
97,sb3_league,rational,N/A,N/A,J1,28,30,30,28,19,11,8
98,sb3_league,rational,N/A,N/A,J0,30,19,19,30,15,12,3
99,sb3_league,rational,N/A,N/A,J0,30,24,24,30,15,10,5
100,sb3_league,rational,N/A,N/A,J1,19,30,30,19,18,6,12
101,sb3_league,rational,N/A,N/A,J1,4,30,30,4,3,2,1
102,sb3_league,rational,N/A,N/A,J1,8,30,30,8,12,4,8
103,sb3_league,rational,N/A,N/A,J1,15,30,30,15,10,6,4
104,sb3_league,rational,N/A,N/A,J1,11,30,30,11,7,5,2
105,sb3_league,rational,N/A,N/A,J1,15,30,30,15,10,6,4
106,sb3_league,rational,N/A,N/A,J1,0,30,30,0,0,0,0
107,sb3_league,rational,N/A,N/A,J0,30,22,22,30,16,9,7
108,sb3_league,rational,N/A,N/A,J0,30,12,12,30,14,10,4
109,sb3_league,rational,N/A,N/A,J1,1,30,30,1,1,1,0
110,sb3_league,rational,N/A,N/A,J1,13,30,30,13,11,5,6
111,sb3_league,rational,N/A,N/A,J0,30,14,14,30,15,12,3
112,sb3_league,rational,N/A,N/A,J1,24,30,30,24,17,8,9
113,sb3_league,rational,N/A,N/A,J0,30,26,26,30,19,9,10
114,sb3_league,rational,N/A,N/A,J1,19,30,30,19,15,7,8
115,sb3_league,rational,N/A,N/A,J1,28,30,30,28,16,9,7
116,sb3_league,rational,N/A,N/A,J1,0,30,30,0,0,0,0
117,sb3_league,rational,N/A,N/A,J0,30,26,26,30,16,9,7
118,sb3_league,rational,N/A,N/A,J1,16,30,30,16,17,8,9
119,sb3_league,rational,N/A,N/A,J1,17,30,30,17,15,7,8
120,sb3_league,rational,N/A,N/A,J0,30,27,27,30,18,9,9
121,sb3_league,rational,N/A,N/A,J1,22,30,30,22,17,11,6
122,sb3_league,rational,N/A,N/A,J1,0,30,30,0,0,0,0
123,sb3_league,rational,N/A,N/A,J1,19,30,30,19,12,9,3
124,sb3_league,rational,N/A,N/A,J0,30,29,29,30,19,11,8
125,sb3_league,rational,N/A,N/A,J0,30,28,28,30,20,12,8
126,sb3_league,rational,N/A,N/A,J1,0,30,30,0,0,0,0
127,sb3_league,rational,N/A,N/A,J1,18,30,30,18,16,7,9
128,sb3_league,rational,N/A,N/A,J0,30,10,10,30,14,11,3
129,sb3_league,rational,N/A,N/A,J0,30,27,27,30,19,10,9
130,sb3_league,rational,N/A,N/A,J1,28,30,30,28,17,11,6
131,sb3_league,rational,N/A,N/A,J0,30,28,28,30,17,9,8
132,sb3_league,rational,N/A,N/A,J0,30,25,25,30,19,12,7
133,sb3_league,rational,N/A,N/A,J0,30,29,29,30,18,8,10
134,sb3_league,rational,N/A,N/A,J0,30,28,28,30,18,13,5
135,sb3_league,rational,N/A,N/A,J1,13,30,30,13,15,5,10
136,sb3_league,rational,N/A,N/A,J0,30,24,24,30,17,10,7
137,sb3_league,rational,N/A,N/A,J1,27,30,30,27,17,11,6
138,sb3_league,rational,N/A,N/A,J1,23,30,30,23,16,8,8
139,sb3_league,rational,N/A,N/A,J1,15,30,30,15,15,6,9
140,sb3_league,rational,N/A,N/A,J0,30,24,24,30,18,10,8
141,sb3_league,rational,N/A,N/A,J1,0,30,30,0,1,0,1
142,sb3_league,rational,N/A,N/A,J1,17,30,30,17,16,7,9
143,sb3_league,rational,N/A,N/A,J0,30,29,29,30,15,10,5
144,sb3_league,rational,N/A,N/A,J0,30,18,18,30,15,12,3
145,sb3_league,rational,N/A,N/A,J0,30,26,26,30,19,10,9
146,sb3_league,rational,N/A,N/A,J0,30,27,27,30,19,13,6
147,sb3_league,rational,N/A,N/A,J0,30,23,23,30,14,10,4
148,sb3_league,rational,N/A,N/A,J1,17,30,30,17,13,7,6
149,sb3_league,rational,N/A,N/A,J1,19,30,30,19,16,8,8
150,sb3_league,rational,N/A,N/A,J0,30,11,11,30,11,10,1
151,sb3_league,rational,N/A,N/A,J0,30,24,24,30,12,9,3
152,sb3_league,rational,N/A,N/A,J1,22,30,30,22,18,8,10
153,sb3_league,rational,N/A,N/A,J0,30,16,16,30,13,8,5
154,sb3_league,rational,N/A,N/A,J1,24,30,30,24,16,9,7
155,sb3_league,rational,N/A,N/A,J0,30,10,10,30,13,9,4
156,sb3_league,rational,N/A,N/A,J1,28,30,30,28,15,6,9
157,sb3_league,rational,N/A,N/A,J1,26,30,30,26,14,8,6
158,sb3_league,rational,N/A,N/A,J0,30,27,27,30,16,8,8
159,sb3_league,rational,N/A,N/A,J1,25,30,30,25,17,9,8
160,sb3_league,rational,N/A,N/A,J0,30,23,23,30,16,11,5
161,sb3_league,rational,N/A,N/A,J0,30,27,27,30,14,10,4
162,sb3_league,rational,N/A,N/A,J1,20,30,30,20,15,9,6
163,sb3_league,rational,N/A,N/A,J1,15,30,30,15,11,8,3
164,sb3_league,rational,N/A,N/A,J0,30,27,27,30,17,8,9
165,sb3_league,rational,N/A,N/A,J1,0,30,30,0,0,0,0
166,sb3_league,rational,N/A,N/A,J0,30,23,23,30,16,9,7
167,sb3_league,rational,N/A,N/A,J0,30,10,10,30,11,9,2
168,sb3_league,rational,N/A,N/A,J1,17,30,30,17,13,7,6
169,sb3_league,rational,N/A,N/A,J1,14,30,30,14,16,6,10
170,sb3_league,rational,N/A,N/A,J1,16,30,30,16,12,6,6
171,sb3_league,rational,N/A,N/A,J1,22,30,30,22,17,9,8
172,sb3_league,rational,N/A,N/A,J0,30,2,2,30,9,8,1
173,sb3_league,rational,N/A,N/A,J0,30,29,29,30,19,11,8
174,sb3_league,rational,N/A,N/A,J1,28,30,30,28,17,10,7
175,sb3_league,rational,N/A,N/A,J0,30,7,7,30,11,9,2
176,sb3_league,rational,N/A,N/A,J1,4,30,30,4,2,2,0
177,sb3_league,rational,N/A,N/A,J0,30,16,16,30,14,10,4
178,sb3_league,rational,N/A,N/A,J0,30,10,10,30,14,10,4
179,sb3_league,rational,N/A,N/A,J1,8,30,30,8,6,3,3
180,sb3_league,rational,N/A,N/A,J1,16,30,30,16,11,6,5
181,sb3_league,rational,N/A,N/A,J0,30,17,17,30,16,10,6
182,sb3_league,rational,N/A,N/A,J1,0,30,30,0,0,0,0
183,sb3_league,rational,N/A,N/A,J1,18,30,30,18,14,8,6
184,sb3_league,rational,N/A,N/A,J1,23,30,30,23,18,10,8
185,sb3_league,rational,N/A,N/A,J0,30,19,19,30,14,10,4
186,sb3_league,rational,N/A,N/A,J0,30,22,22,30,16,7,9
187,sb3_league,rational,N/A,N/A,J0,30,24,24,30,17,10,7
188,sb3_league,rational,N/A,N/A,J0,30,14,14,30,14,11,3
189,sb3_league,rational,N/A,N/A,J1,11,30,30,11,8,4,4
190,sb3_league,rational,N/A,N/A,J1,12,30,30,12,11,5,6
191,sb3_league,rational,N/A,N/A,J0,30,25,25,30,15,8,7
192,sb3_league,rational,N/A,N/A,J0,30,28,28,30,21,13,8
193,sb3_league,rational,N/A,N/A,J1,25,30,30,25,17,11,6
194,sb3_league,rational,N/A,N/A,J0,30,24,24,30,18,11,7
195,sb3_league,rational,N/A,N/A,J0,30,25,25,30,18,10,8
196,sb3_league,rational,N/A,N/A,J1,25,30,30,25,18,10,8
197,sb3_league,rational,N/A,N/A,J0,30,28,28,30,19,10,9
198,sb3_league,rational,N/A,N/A,J0,30,10,10,30,12,10,2
199,sb3_league,rational,N/A,N/A,J1,24,30,30,24,18,8,10
200,sb3_league,rational,N/A,N/A,J0,30,25,25,30,15,10,5
201,sb3_league,rational,N/A,N/A,J1,20,30,30,20,10,8,2
202,sb3_league,rational,N/A,N/A,J0,30,29,29,30,19,10,9
203,sb3_league,rational,N/A,N/A,J1,23,30,30,23,17,8,9
204,sb3_league,rational,N/A,N/A,J0,30,4,4,30,10,10,0
205,sb3_league,rational,N/A,N/A,J1,27,30,30,27,16,11,5
206,sb3_league,rational,N/A,N/A,J0,30,11,11,30,13,10,3
207,sb3_league,rational,N/A,N/A,J1,18,30,30,18,9,7,2
208,sb3_league,rational,N/A,N/A,J0,30,12,12,30,16,11,5
209,sb3_league,rational,N/A,N/A,J0,30,0,0,30,0,0,0
210,sb3_league,rational,N/A,N/A,J1,23,30,30,23,15,7,8
211,sb3_league,rational,N/A,N/A,J0,30,0,0,30,1,1,0
212,sb3_league,rational,N/A,N/A,J0,30,2,2,30,11,10,1
213,sb3_league,rational,N/A,N/A,J1,28,30,30,28,15,9,6
214,sb3_league,rational,N/A,N/A,J0,30,14,14,30,14,10,4
215,sb3_league,rational,N/A,N/A,J1,25,30,30,25,17,10,7
216,sb3_league,rational,N/A,N/A,J1,0,30,30,0,0,0,0
217,sb3_league,rational,N/A,N/A,J1,18,30,30,18,14,6,8
218,sb3_league,rational,N/A,N/A,J1,0,30,30,0,0,0,0
219,sb3_league,rational,N/A,N/A,J0,30,24,24,30,16,12,4
220,sb3_league,rational,N/A,N/A,J0,30,29,29,30,19,10,9
221,sb3_league,rational,N/A,N/A,J1,23,30,30,23,15,8,7
222,sb3_league,rational,N/A,N/A,J1,0,30,30,0,0,0,0
223,sb3_league,rational,N/A,N/A,J1,26,30,30,26,15,8,7
224,sb3_league,rational,N/A,N/A,J0,30,23,23,30,18,12,6
225,sb3_league,rational,N/A,N/A,J0,30,23,23,30,17,10,7
226,sb3_league,rational,N/A,N/A,J1,9,30,30,9,8,3,5
227,sb3_league,rational,N/A,N/A,J1,25,30,30,25,16,7,9
228,sb3_league,rational,N/A,N/A,J0,30,27,27,30,13,10,3
229,sb3_league,rational,N/A,N/A,J0,30,18,18,30,13,9,4
230,sb3_league,rational,N/A,N/A,J0,30,14,14,30,14,11,3
231,sb3_league,rational,N/A,N/A,J1,0,30,30,0,0,0,0
232,sb3_league,rational,N/A,N/A,J1,27,30,30,27,17,7,10
233,sb3_league,rational,N/A,N/A,J1,0,30,30,0,0,0,0
234,sb3_league,rational,N/A,N/A,J0,30,22,22,30,16,10,6
235,sb3_league,rational,N/A,N/A,J0,30,18,18,30,15,10,5
236,sb3_league,rational,N/A,N/A,J0,30,19,19,30,13,9,4
237,sb3_league,rational,N/A,N/A,J1,17,30,30,17,14,6,8
238,sb3_league,rational,N/A,N/A,J0,30,15,15,30,15,11,4
239,sb3_league,rational,N/A,N/A,J0,30,18,18,30,16,10,6
240,sb3_league,rational,N/A,N/A,J0,30,29,29,30,17,12,5
241,sb3_league,rational,N/A,N/A,J1,19,30,30,19,10,8,2
242,sb3_league,rational,N/A,N/A,J1,1,30,30,1,1,0,1
243,sb3_league,rational,N/A,N/A,J0,30,24,24,30,17,14,3
244,sb3_league,rational,N/A,N/A,J0,30,4,4,30,2,0,2
245,sb3_league,rational,N/A,N/A,J1,21,30,30,21,16,6,10
246,sb3_league,rational,N/A,N/A,J1,0,30,30,0,1,0,1
247,sb3_league,rational,N/A,N/A,J0,30,26,26,30,18,10,8
248,sb3_league,rational,N/A,N/A,J0,30,18,18,30,15,9,6
249,sb3_league,rational,N/A,N/A,J0,30,29,29,30,16,11,5
250,sb3_league,rational,N/A,N/A,J0,30,22,22,30,19,11,8
251,sb3_league,rational,N/A,N/A,J0,30,13,13,30,12,9,3
252,sb3_league,rational,N/A,N/A,J1,1,30,30,1,2,0,2
253,sb3_league,rational,N/A,N/A,J1,27,30,30,27,17,10,7
254,sb3_league,rational,N/A,N/A,J1,22,30,30,22,16,6,10
255,sb3_league,rational,N/A,N/A,J1,21,30,30,21,14,8,6
256,sb3_league,rational,N/A,N/A,J0,30,9,9,30,11,10,1
257,sb3_league,rational,N/A,N/A,J1,21,30,30,21,12,9,3
258,sb3_league,rational,N/A,N/A,J1,19,30,30,19,12,6,6
259,sb3_league,rational,N/A,N/A,J0,30,28,28,30,20,11,9
260,sb3_league,rational,N/A,N/A,J0,30,22,22,30,15,11,4
261,sb3_league,rational,N/A,N/A,J1,7,30,30,7,6,3,3
262,sb3_league,rational,N/A,N/A,J0,30,12,12,30,13,8,5
263,sb3_league,rational,N/A,N/A,J0,30,12,12,30,14,10,4
264,sb3_league,rational,N/A,N/A,J1,28,30,30,28,14,9,5
265,sb3_league,rational,N/A,N/A,J1,17,30,30,17,10,6,4
266,sb3_league,rational,N/A,N/A,J0,30,26,26,30,18,9,9
267,sb3_league,rational,N/A,N/A,J0,30,29,29,30,19,12,7
268,sb3_league,rational,N/A,N/A,J1,2,30,30,2,1,1,0
269,sb3_league,rational,N/A,N/A,J0,30,16,16,30,12,11,1
270,sb3_league,rational,N/A,N/A,J0,30,25,25,30,13,11,2
271,sb3_league,rational,N/A,N/A,J0,30,26,26,30,19,9,10
272,sb3_league,rational,N/A,N/A,J0,30,14,14,30,13,10,3
273,sb3_league,rational,N/A,N/A,J0,30,24,24,30,16,10,6
274,sb3_league,rational,N/A,N/A,J1,22,30,30,22,15,8,7
275,sb3_league,rational,N/A,N/A,J0,30,10,10,30,14,10,4
276,sb3_league,rational,N/A,N/A,J1,13,30,30,13,12,6,6
277,sb3_league,rational,N/A,N/A,J0,30,27,27,30,19,11,8
278,sb3_league,rational,N/A,N/A,J1,16,30,30,16,15,7,8
279,sb3_league,rational,N/A,N/A,J0,30,28,28,30,16,9,7
280,sb3_league,rational,N/A,N/A,J1,26,30,30,26,20,10,10
281,sb3_league,rational,N/A,N/A,J0,30,28,28,30,19,10,9
282,sb3_league,rational,N/A,N/A,J0,30,29,29,30,18,12,6
283,sb3_league,rational,N/A,N/A,J0,30,12,12,30,14,9,5
284,sb3_league,rational,N/A,N/A,J1,22,30,30,22,12,7,5
285,sb3_league,rational,N/A,N/A,J1,16,30,30,16,11,4,7
286,sb3_league,rational,N/A,N/A,J1,21,30,30,21,16,8,8
287,sb3_league,rational,N/A,N/A,J1,9,30,30,9,12,5,7
288,sb3_league,rational,N/A,N/A,J1,18,30,30,18,16,7,9
289,sb3_league,rational,N/A,N/A,J1,10,30,30,10,9,5,4
290,sb3_league,rational,N/A,N/A,J1,26,30,30,26,17,9,8
291,sb3_league,rational,N/A,N/A,J0,30,27,27,30,19,11,8
292,sb3_league,rational,N/A,N/A,J0,30,27,27,30,18,10,8
293,sb3_league,rational,N/A,N/A,J0,30,24,24,30,15,10,5
294,sb3_league,rational,N/A,N/A,J0,30,28,28,30,19,14,5
295,sb3_league,rational,N/A,N/A,J0,30,19,19,30,16,10,6
296,sb3_league,rational,N/A,N/A,J1,20,30,30,20,16,6,10
297,sb3_league,rational,N/A,N/A,J0,30,24,24,30,16,11,5
298,sb3_league,rational,N/A,N/A,J0,30,20,20,30,14,8,6
299,sb3_league,rational,N/A,N/A,J1,0,30,30,0,0,0,0
300,sb3_league,rational,N/A,N/A,J0,30,16,16,30,16,13,3
301,sb3_league,rational,N/A,N/A,J1,26,30,30,26,17,7,10
302,sb3_league,rational,N/A,N/A,J0,30,25,25,30,18,13,5
303,sb3_league,rational,N/A,N/A,J1,29,30,30,29,18,10,8
304,sb3_league,rational,N/A,N/A,J1,25,30,30,25,17,9,8
305,sb3_league,rational,N/A,N/A,J1,0,30,30,0,0,0,0
306,sb3_league,rational,N/A,N/A,J0,30,28,28,30,18,13,5
307,sb3_league,rational,N/A,N/A,J0,30,24,24,30,17,10,7
308,sb3_league,rational,N/A,N/A,J1,0,30,30,0,0,0,0
309,sb3_league,rational,N/A,N/A,J0,30,22,22,30,18,11,7
310,sb3_league,rational,N/A,N/A,J1,18,30,30,18,12,8,4
311,sb3_league,rational,N/A,N/A,J0,30,20,20,30,14,9,5
312,sb3_league,rational,N/A,N/A,J0,30,29,29,30,13,11,2
313,sb3_league,rational,N/A,N/A,J1,0,30,30,0,0,0,0
314,sb3_league,rational,N/A,N/A,J1,11,30,30,11,11,4,7
315,sb3_league,rational,N/A,N/A,J1,5,30,30,5,7,3,4
316,sb3_league,rational,N/A,N/A,J0,30,14,14,30,13,9,4
317,sb3_league,rational,N/A,N/A,J0,30,26,26,30,16,10,6
318,sb3_league,rational,N/A,N/A,J1,0,30,30,0,0,0,0
319,sb3_league,rational,N/A,N/A,J0,30,28,28,30,19,11,8
320,sb3_league,rational,N/A,N/A,J1,22,30,30,22,15,7,8
321,sb3_league,rational,N/A,N/A,J1,19,30,30,19,14,7,7
322,sb3_league,rational,N/A,N/A,J1,0,30,30,0,0,0,0
323,sb3_league,rational,N/A,N/A,J0,30,12,12,30,14,8,6
324,sb3_league,rational,N/A,N/A,J1,14,30,30,14,14,5,9
325,sb3_league,rational,N/A,N/A,J0,30,21,21,30,16,11,5
326,sb3_league,rational,N/A,N/A,J1,19,30,30,19,14,7,7
327,sb3_league,rational,N/A,N/A,J1,21,30,30,21,14,8,6
328,sb3_league,rational,N/A,N/A,J1,0,30,30,0,0,0,0
329,sb3_league,rational,N/A,N/A,J0,30,0,0,30,3,3,0
330,sb3_league,rational,N/A,N/A,J1,23,30,30,23,19,8,11
331,sb3_league,rational,N/A,N/A,J0,30,21,21,30,16,11,5
332,sb3_league,rational,N/A,N/A,J1,19,30,30,19,13,8,5
333,sb3_league,rational,N/A,N/A,J0,30,20,20,30,15,9,6
334,sb3_league,rational,N/A,N/A,J0,30,25,25,30,17,9,8
335,sb3_league,rational,N/A,N/A,J0,30,16,16,30,17,12,5
336,sb3_league,rational,N/A,N/A,J1,11,30,30,11,14,5,9
337,sb3_league,rational,N/A,N/A,J0,30,28,28,30,17,13,4
338,sb3_league,rational,N/A,N/A,J1,25,30,30,25,17,11,6
339,sb3_league,rational,N/A,N/A,J0,30,10,10,30,11,10,1
340,sb3_league,rational,N/A,N/A,J1,27,30,30,27,16,10,6
341,sb3_league,rational,N/A,N/A,J1,27,30,30,27,18,10,8
342,sb3_league,rational,N/A,N/A,J1,28,30,30,28,18,9,9
343,sb3_league,rational,N/A,N/A,J1,26,30,30,26,18,10,8
344,sb3_league,rational,N/A,N/A,J0,30,18,18,30,15,10,5
345,sb3_league,rational,N/A,N/A,J1,22,30,30,22,17,9,8
346,sb3_league,rational,N/A,N/A,J0,30,6,6,30,11,9,2
347,sb3_league,rational,N/A,N/A,J1,10,30,30,10,13,4,9
348,sb3_league,rational,N/A,N/A,J0,30,16,16,30,16,10,6
349,sb3_league,rational,N/A,N/A,J1,0,30,30,0,0,0,0
350,sb3_league,rational,N/A,N/A,J1,19,30,30,19,15,6,9
351,sb3_league,rational,N/A,N/A,J1,23,30,30,23,16,7,9
352,sb3_league,rational,N/A,N/A,J1,12,30,30,12,7,6,1
353,sb3_league,rational,N/A,N/A,J1,17,30,30,17,13,5,8
354,sb3_league,rational,N/A,N/A,J0,30,26,26,30,16,10,6
355,sb3_league,rational,N/A,N/A,J1,26,30,30,26,18,9,9
356,sb3_league,rational,N/A,N/A,J1,29,30,30,29,18,10,8
357,sb3_league,rational,N/A,N/A,J1,22,30,30,22,16,7,9
358,sb3_league,rational,N/A,N/A,J0,30,23,23,30,16,9,7
359,sb3_league,rational,N/A,N/A,J1,0,30,30,0,1,0,1
360,sb3_league,rational,N/A,N/A,J1,0,30,30,0,1,0,1
361,sb3_league,rational,N/A,N/A,J1,26,30,30,26,17,9,8
362,sb3_league,rational,N/A,N/A,J0,30,18,18,30,15,12,3
363,sb3_league,rational,N/A,N/A,J1,27,30,30,27,19,11,8
364,sb3_league,rational,N/A,N/A,J1,15,30,30,15,15,8,7
365,sb3_league,rational,N/A,N/A,J0,30,0,0,30,0,0,0
366,sb3_league,rational,N/A,N/A,J1,24,30,30,24,13,8,5
367,sb3_league,rational,N/A,N/A,J0,30,14,14,30,13,10,3
368,sb3_league,rational,N/A,N/A,J1,10,30,30,10,5,3,2
369,sb3_league,rational,N/A,N/A,J1,26,30,30,26,15,8,7
370,sb3_league,rational,N/A,N/A,J0,30,27,27,30,17,9,8
371,sb3_league,rational,N/A,N/A,J0,30,0,0,30,0,0,0
372,sb3_league,rational,N/A,N/A,J1,29,30,30,29,18,10,8
373,sb3_league,rational,N/A,N/A,J0,30,21,21,30,15,9,6
374,sb3_league,rational,N/A,N/A,J1,16,30,30,16,9,6,3
375,sb3_league,rational,N/A,N/A,J1,25,30,30,25,18,7,11
376,sb3_league,rational,N/A,N/A,J1,12,30,30,12,9,5,4
377,sb3_league,rational,N/A,N/A,J0,30,20,20,30,17,11,6
378,sb3_league,rational,N/A,N/A,J0,30,29,29,30,21,12,9
379,sb3_league,rational,N/A,N/A,J1,16,30,30,16,17,6,11
380,sb3_league,rational,N/A,N/A,J1,2,30,30,2,1,1,0
381,sb3_league,rational,N/A,N/A,J1,21,30,30,21,16,8,8
382,sb3_league,rational,N/A,N/A,J0,30,17,17,30,16,11,5
383,sb3_league,rational,N/A,N/A,J0,30,13,13,30,13,11,2
384,sb3_league,rational,N/A,N/A,J0,30,28,28,30,17,9,8
385,sb3_league,rational,N/A,N/A,J0,30,25,25,30,17,12,5
386,sb3_league,rational,N/A,N/A,J1,16,30,30,16,9,6,3
387,sb3_league,rational,N/A,N/A,J0,30,27,27,30,15,9,6
388,sb3_league,rational,N/A,N/A,J0,30,19,19,30,16,12,4
389,sb3_league,rational,N/A,N/A,J1,11,30,30,11,8,3,5
390,sb3_league,rational,N/A,N/A,J0,30,22,22,30,15,11,4
391,sb3_league,rational,N/A,N/A,J1,15,30,30,15,15,6,9
392,sb3_league,rational,N/A,N/A,J1,21,30,30,21,10,7,3
393,sb3_league,rational,N/A,N/A,J0,30,26,26,30,19,12,7
394,sb3_league,rational,N/A,N/A,J0,30,0,0,30,0,0,0
395,sb3_league,rational,N/A,N/A,J0,30,19,19,30,16,10,6
396,sb3_league,rational,N/A,N/A,J0,30,0,0,30,0,0,0
397,sb3_league,rational,N/A,N/A,J1,1,30,30,1,1,1,0
398,sb3_league,rational,N/A,N/A,J1,18,30,30,18,15,8,7
399,sb3_league,rational,N/A,N/A,J0,30,15,15,30,12,9,3
400,sb3_league,rational,N/A,N/A,J1,26,30,30,26,17,9,8
401,sb3_league,rational,N/A,N/A,J1,16,30,30,16,14,4,10
402,sb3_league,rational,N/A,N/A,J1,0,30,30,0,1,0,1
403,sb3_league,rational,N/A,N/A,J1,15,30,30,15,13,6,7
404,sb3_league,rational,N/A,N/A,J0,30,21,21,30,14,11,3
405,sb3_league,rational,N/A,N/A,J1,27,30,30,27,21,11,10
406,sb3_league,rational,N/A,N/A,J1,0,30,30,0,0,0,0
407,sb3_league,rational,N/A,N/A,J1,23,30,30,23,15,9,6
408,sb3_league,rational,N/A,N/A,J1,26,30,30,26,19,11,8
409,sb3_league,rational,N/A,N/A,J0,30,0,0,30,0,0,0
410,sb3_league,rational,N/A,N/A,J1,19,30,30,19,13,7,6
411,sb3_league,rational,N/A,N/A,J0,30,24,24,30,16,9,7
412,sb3_league,rational,N/A,N/A,J1,11,30,30,11,15,6,9
413,sb3_league,rational,N/A,N/A,J0,30,10,10,30,15,11,4
414,sb3_league,rational,N/A,N/A,J0,30,10,10,30,11,9,2
415,sb3_league,rational,N/A,N/A,J0,30,22,22,30,17,8,9
416,sb3_league,rational,N/A,N/A,J0,30,18,18,30,15,8,7
417,sb3_league,rational,N/A,N/A,J1,23,30,30,23,13,8,5
418,sb3_league,rational,N/A,N/A,J0,30,19,19,30,14,10,4
419,sb3_league,rational,N/A,N/A,J1,23,30,30,23,16,9,7
420,sb3_league,rational,N/A,N/A,J0,30,19,19,30,16,12,4
421,sb3_league,rational,N/A,N/A,J1,24,30,30,24,16,8,8
422,sb3_league,rational,N/A,N/A,J1,18,30,30,18,15,5,10
423,sb3_league,rational,N/A,N/A,J0,30,26,26,30,15,11,4
424,sb3_league,rational,N/A,N/A,J0,30,28,28,30,22,12,10
425,sb3_league,rational,N/A,N/A,J1,0,30,30,0,0,0,0
426,sb3_league,rational,N/A,N/A,J0,30,20,20,30,15,11,4
427,sb3_league,rational,N/A,N/A,J0,30,18,18,30,14,11,3
428,sb3_league,rational,N/A,N/A,J1,0,30,30,0,0,0,0
429,sb3_league,rational,N/A,N/A,J0,30,13,13,30,13,11,2
430,sb3_league,rational,N/A,N/A,J0,30,28,28,30,18,11,7
431,sb3_league,rational,N/A,N/A,J0,30,20,20,30,19,11,8
432,sb3_league,rational,N/A,N/A,J1,0,30,30,0,0,0,0
433,sb3_league,rational,N/A,N/A,J1,20,30,30,20,16,7,9
434,sb3_league,rational,N/A,N/A,J1,26,30,30,26,16,8,8
435,sb3_league,rational,N/A,N/A,J0,30,22,22,30,18,11,7
436,sb3_league,rational,N/A,N/A,J1,22,30,30,22,17,8,9
437,sb3_league,rational,N/A,N/A,J1,12,30,30,12,12,4,8
438,sb3_league,rational,N/A,N/A,J1,10,30,30,10,13,2,11
439,sb3_league,rational,N/A,N/A,J0,30,19,19,30,15,9,6
440,sb3_league,rational,N/A,N/A,J1,0,30,30,0,0,0,0
441,sb3_league,rational,N/A,N/A,J0,30,26,26,30,18,11,7
442,sb3_league,rational,N/A,N/A,J0,30,2,2,30,1,0,1
443,sb3_league,rational,N/A,N/A,J0,30,27,27,30,19,12,7
444,sb3_league,rational,N/A,N/A,J0,30,19,19,30,14,9,5
445,sb3_league,rational,N/A,N/A,J1,19,30,30,19,15,8,7
446,sb3_league,rational,N/A,N/A,J1,11,30,30,11,6,5,1
447,sb3_league,rational,N/A,N/A,J1,20,30,30,20,17,9,8
448,sb3_league,rational,N/A,N/A,J1,24,30,30,24,18,9,9
449,sb3_league,rational,N/A,N/A,J0,30,20,20,30,16,10,6
450,sb3_league,rational,N/A,N/A,J0,30,23,23,30,17,11,6
451,sb3_league,rational,N/A,N/A,J1,13,30,30,13,13,6,7
452,sb3_league,rational,N/A,N/A,J1,18,30,30,18,15,4,11
453,sb3_league,rational,N/A,N/A,J1,10,30,30,10,5,4,1
454,sb3_league,rational,N/A,N/A,J1,27,30,30,27,15,9,6
455,sb3_league,rational,N/A,N/A,J0,30,22,22,30,16,9,7
456,sb3_league,rational,N/A,N/A,J0,30,18,18,30,16,11,5
457,sb3_league,rational,N/A,N/A,J0,30,26,26,30,17,9,8
458,sb3_league,rational,N/A,N/A,J1,15,30,30,15,11,8,3
459,sb3_league,rational,N/A,N/A,J0,30,19,19,30,15,9,6
460,sb3_league,rational,N/A,N/A,J0,30,26,26,30,15,10,5
461,sb3_league,rational,N/A,N/A,J0,30,26,26,30,17,12,5
462,sb3_league,rational,N/A,N/A,J0,30,27,27,30,17,10,7
463,sb3_league,rational,N/A,N/A,J0,30,16,16,30,17,12,5
464,sb3_league,rational,N/A,N/A,J1,0,30,30,0,1,0,1
465,sb3_league,rational,N/A,N/A,J1,0,30,30,0,1,0,1
466,sb3_league,rational,N/A,N/A,J1,2,30,30,2,1,1,0
467,sb3_league,rational,N/A,N/A,J1,22,30,30,22,17,8,9
468,sb3_league,rational,N/A,N/A,J1,0,30,30,0,1,0,1
469,sb3_league,rational,N/A,N/A,J0,30,28,28,30,16,8,8
470,sb3_league,rational,N/A,N/A,J0,30,16,16,30,14,9,5
471,sb3_league,rational,N/A,N/A,J1,0,30,30,0,1,0,1
472,sb3_league,rational,N/A,N/A,J1,17,30,30,17,13,7,6
473,sb3_league,rational,N/A,N/A,J1,1,30,30,1,1,1,0
474,sb3_league,rational,N/A,N/A,J0,30,28,28,30,15,10,5
475,sb3_league,rational,N/A,N/A,J1,29,30,30,29,17,10,7
476,sb3_league,rational,N/A,N/A,J1,29,30,30,29,15,10,5
477,sb3_league,rational,N/A,N/A,J1,0,30,30,0,1,0,1
478,sb3_league,rational,N/A,N/A,J1,0,30,30,0,0,0,0
479,sb3_league,rational,N/A,N/A,J0,30,23,23,30,17,10,7
480,sb3_league,rational,N/A,N/A,J0,30,26,26,30,14,6,8
481,sb3_league,rational,N/A,N/A,J1,22,30,30,22,15,12,3
482,sb3_league,rational,N/A,N/A,J1,21,30,30,21,11,9,2
483,sb3_league,rational,N/A,N/A,J1,28,30,30,28,15,9,6
484,sb3_league,rational,N/A,N/A,J0,30,12,12,30,11,9,2
485,sb3_league,rational,N/A,N/A,J0,30,29,29,30,17,9,8
486,sb3_league,rational,N/A,N/A,J0,30,25,25,30,16,10,6
487,sb3_league,rational,N/A,N/A,J0,30,23,23,30,16,9,7
488,sb3_league,rational,N/A,N/A,J0,30,29,29,30,18,10,8
489,sb3_league,rational,N/A,N/A,J0,30,26,26,30,19,10,9
490,sb3_league,rational,N/A,N/A,J0,30,18,18,30,14,11,3
491,sb3_league,rational,N/A,N/A,J1,1,30,30,1,1,1,0
492,sb3_league,rational,N/A,N/A,J1,17,30,30,17,12,4,8
493,sb3_league,rational,N/A,N/A,J1,0,30,30,0,0,0,0
494,sb3_league,rational,N/A,N/A,J0,30,16,16,30,14,7,7
495,sb3_league,rational,N/A,N/A,J1,25,30,30,25,17,8,9
496,sb3_league,rational,N/A,N/A,J1,13,30,30,13,12,4,8
497,sb3_league,rational,N/A,N/A,J0,30,26,26,30,17,13,4
498,sb3_league,rational,N/A,N/A,J0,30,6,6,30,9,8,1
499,sb3_league,rational,N/A,N/A,J1,19,30,30,19,16,8,8
500,sb3_league,rational,N/A,N/A,J1,0,30,30,0,0,0,0
501,sb3_league,rational,N/A,N/A,J0,30,27,27,30,17,9,8
502,sb3_league,rational,N/A,N/A,J1,7,30,30,7,3,3,0
503,sb3_league,rational,N/A,N/A,J1,15,30,30,15,16,5,11
504,sb3_league,rational,N/A,N/A,J1,0,30,30,0,0,0,0
505,sb3_league,rational,N/A,N/A,J0,30,0,0,30,1,1,0
506,sb3_league,rational,N/A,N/A,J0,30,24,24,30,17,10,7
507,sb3_league,rational,N/A,N/A,J0,30,20,20,30,17,11,6
508,sb3_league,rational,N/A,N/A,J0,30,22,22,30,16,9,7
509,sb3_league,rational,N/A,N/A,J1,23,30,30,23,16,8,8
510,sb3_league,rational,N/A,N/A,J0,30,26,26,30,19,11,8
511,sb3_league,rational,N/A,N/A,J1,13,30,30,13,12,6,6
512,sb3_league,rational,N/A,N/A,J1,15,30,30,15,14,7,7
513,sb3_league,rational,N/A,N/A,J0,30,16,16,30,11,6,5
514,sb3_league,rational,N/A,N/A,J1,16,30,30,16,9,7,2
515,sb3_league,rational,N/A,N/A,J0,30,20,20,30,18,11,7
516,sb3_league,rational,N/A,N/A,J1,21,30,30,21,16,9,7
517,sb3_league,rational,N/A,N/A,J0,30,8,8,30,12,10,2
518,sb3_league,rational,N/A,N/A,J0,30,0,0,30,0,0,0
519,sb3_league,rational,N/A,N/A,J1,16,30,30,16,17,7,10
520,sb3_league,rational,N/A,N/A,J1,19,30,30,19,15,5,10
521,sb3_league,rational,N/A,N/A,J0,30,0,0,30,1,1,0
522,sb3_league,rational,N/A,N/A,J0,30,22,22,30,13,12,1
523,sb3_league,rational,N/A,N/A,J0,30,20,20,30,16,11,5
524,sb3_league,rational,N/A,N/A,J0,30,0,0,30,0,0,0
525,sb3_league,rational,N/A,N/A,J1,25,30,30,25,17,9,8
526,sb3_league,rational,N/A,N/A,J1,16,30,30,16,13,6,7
527,sb3_league,rational,N/A,N/A,J1,0,30,30,0,0,0,0
528,sb3_league,rational,N/A,N/A,J0,30,22,22,30,14,12,2
529,sb3_league,rational,N/A,N/A,J0,30,25,25,30,18,12,6
530,sb3_league,rational,N/A,N/A,J0,30,25,25,30,16,9,7
531,sb3_league,rational,N/A,N/A,J0,30,20,20,30,17,11,6
532,sb3_league,rational,N/A,N/A,J0,30,29,29,30,16,11,5
533,sb3_league,rational,N/A,N/A,J1,25,30,30,25,17,10,7
534,sb3_league,rational,N/A,N/A,J1,27,30,30,27,17,9,8
535,sb3_league,rational,N/A,N/A,J0,30,29,29,30,17,8,9
536,sb3_league,rational,N/A,N/A,J0,30,0,0,30,0,0,0
537,sb3_league,rational,N/A,N/A,J0,30,26,26,30,14,10,4
538,sb3_league,rational,N/A,N/A,J1,26,30,30,26,18,11,7
539,sb3_league,rational,N/A,N/A,J0,30,13,13,30,13,9,4
540,sb3_league,rational,N/A,N/A,J0,30,19,19,30,15,9,6
541,sb3_league,rational,N/A,N/A,J0,30,19,19,30,14,11,3
542,sb3_league,rational,N/A,N/A,J0,30,26,26,30,18,9,9
543,sb3_league,rational,N/A,N/A,J0,30,22,22,30,16,9,7
544,sb3_league,rational,N/A,N/A,J0,30,23,23,30,16,11,5
545,sb3_league,rational,N/A,N/A,J1,9,30,30,9,12,3,9
546,sb3_league,rational,N/A,N/A,J0,30,20,20,30,16,9,7
547,sb3_league,rational,N/A,N/A,J1,14,30,30,14,13,7,6
548,sb3_league,rational,N/A,N/A,J0,30,20,20,30,15,10,5
549,sb3_league,rational,N/A,N/A,J0,30,26,26,30,20,14,6
550,sb3_league,rational,N/A,N/A,J0,30,12,12,30,12,8,4
551,sb3_league,rational,N/A,N/A,J1,0,30,30,0,0,0,0
552,sb3_league,rational,N/A,N/A,J0,30,21,21,30,16,9,7
553,sb3_league,rational,N/A,N/A,J1,18,30,30,18,15,8,7
554,sb3_league,rational,N/A,N/A,J1,28,30,30,28,18,8,10
555,sb3_league,rational,N/A,N/A,J0,30,28,28,30,15,8,7
556,sb3_league,rational,N/A,N/A,J0,30,22,22,30,16,9,7
557,sb3_league,rational,N/A,N/A,J1,25,30,30,25,16,8,8
558,sb3_league,rational,N/A,N/A,J0,30,28,28,30,17,10,7
559,sb3_league,rational,N/A,N/A,J0,30,23,23,30,15,11,4
560,sb3_league,rational,N/A,N/A,J0,30,20,20,30,16,10,6
561,sb3_league,rational,N/A,N/A,J0,30,29,29,30,19,10,9
562,sb3_league,rational,N/A,N/A,J1,22,30,30,22,18,8,10
563,sb3_league,rational,N/A,N/A,J0,30,12,12,30,14,10,4
564,sb3_league,rational,N/A,N/A,J0,30,22,22,30,14,10,4
565,sb3_league,rational,N/A,N/A,J0,30,25,25,30,15,10,5
566,sb3_league,rational,N/A,N/A,J1,1,30,30,1,1,1,0
567,sb3_league,rational,N/A,N/A,J0,30,20,20,30,18,9,9
568,sb3_league,rational,N/A,N/A,J0,30,24,24,30,17,9,8
569,sb3_league,rational,N/A,N/A,J1,25,30,30,25,15,9,6
570,sb3_league,rational,N/A,N/A,J1,9,30,30,9,14,4,10
571,sb3_league,rational,N/A,N/A,J0,30,24,24,30,18,10,8
572,sb3_league,rational,N/A,N/A,J1,0,30,30,0,0,0,0
573,sb3_league,rational,N/A,N/A,J1,0,30,30,0,0,0,0
574,sb3_league,rational,N/A,N/A,J0,30,26,26,30,18,10,8
575,sb3_league,rational,N/A,N/A,J0,30,16,16,30,14,9,5
576,sb3_league,rational,N/A,N/A,J1,16,30,30,16,16,5,11
577,sb3_league,rational,N/A,N/A,J0,30,26,26,30,17,9,8
578,sb3_league,rational,N/A,N/A,J1,23,30,30,23,15,8,7
579,sb3_league,rational,N/A,N/A,J1,24,30,30,24,14,10,4
580,sb3_league,rational,N/A,N/A,J1,23,30,30,23,15,8,7
581,sb3_league,rational,N/A,N/A,J1,13,30,30,13,9,6,3
582,sb3_league,rational,N/A,N/A,J1,25,30,30,25,16,11,5
583,sb3_league,rational,N/A,N/A,J0,30,23,23,30,15,9,6
584,sb3_league,rational,N/A,N/A,J1,0,30,30,0,0,0,0
585,sb3_league,rational,N/A,N/A,J0,30,14,14,30,14,9,5
586,sb3_league,rational,N/A,N/A,J0,30,18,18,30,15,10,5
587,sb3_league,rational,N/A,N/A,J1,0,30,30,0,0,0,0
588,sb3_league,rational,N/A,N/A,J0,30,10,10,30,13,11,2
589,sb3_league,rational,N/A,N/A,J1,22,30,30,22,19,11,8
590,sb3_league,rational,N/A,N/A,J0,30,26,26,30,17,12,5
591,sb3_league,rational,N/A,N/A,J0,30,29,29,30,19,11,8
592,sb3_league,rational,N/A,N/A,J1,28,30,30,28,16,11,5
593,sb3_league,rational,N/A,N/A,J1,0,30,30,0,0,0,0
594,sb3_league,rational,N/A,N/A,J0,30,16,16,30,14,9,5
595,sb3_league,rational,N/A,N/A,J1,0,30,30,0,0,0,0
596,sb3_league,rational,N/A,N/A,J1,15,30,30,15,7,5,2
597,sb3_league,rational,N/A,N/A,J1,23,30,30,23,17,8,9
598,sb3_league,rational,N/A,N/A,J0,30,20,20,30,16,10,6
599,sb3_league,rational,N/A,N/A,J1,0,30,30,0,0,0,0
600,sb3_league,rational,N/A,N/A,J1,27,30,30,27,17,8,9
601,sb3_league,rational,N/A,N/A,J1,0,30,30,0,1,0,1
602,sb3_league,rational,N/A,N/A,J0,30,22,22,30,17,9,8
603,sb3_league,rational,N/A,N/A,J1,8,30,30,8,9,3,6
604,sb3_league,rational,N/A,N/A,J1,0,30,30,0,1,0,1
605,sb3_league,rational,N/A,N/A,J1,28,30,30,28,20,10,10
606,sb3_league,rational,N/A,N/A,J1,14,30,30,14,14,5,9
607,sb3_league,rational,N/A,N/A,J1,7,30,30,7,7,4,3
608,sb3_league,rational,N/A,N/A,J0,30,12,12,30,14,10,4
609,sb3_league,rational,N/A,N/A,J0,30,28,28,30,16,9,7
610,sb3_league,rational,N/A,N/A,J0,30,26,26,30,15,9,6
611,sb3_league,rational,N/A,N/A,J0,30,26,26,30,18,10,8
612,sb3_league,rational,N/A,N/A,J0,30,15,15,30,13,8,5
613,sb3_league,rational,N/A,N/A,J0,30,11,11,30,13,9,4
614,sb3_league,rational,N/A,N/A,J1,0,30,30,0,0,0,0
615,sb3_league,rational,N/A,N/A,J1,17,30,30,17,13,7,6
616,sb3_league,rational,N/A,N/A,J1,16,30,30,16,15,7,8
617,sb3_league,rational,N/A,N/A,J1,27,30,30,27,16,7,9
618,sb3_league,rational,N/A,N/A,J1,20,30,30,20,10,7,3
619,sb3_league,rational,N/A,N/A,J0,30,4,4,30,2,1,1
620,sb3_league,rational,N/A,N/A,J1,12,30,30,12,12,4,8
621,sb3_league,rational,N/A,N/A,J0,30,24,24,30,17,9,8
622,sb3_league,rational,N/A,N/A,J1,26,30,30,26,13,8,5
623,sb3_league,rational,N/A,N/A,J0,30,28,28,30,17,10,7
624,sb3_league,rational,N/A,N/A,J0,30,26,26,30,16,10,6
625,sb3_league,rational,N/A,N/A,J1,15,30,30,15,14,5,9
626,sb3_league,rational,N/A,N/A,J0,30,20,20,30,19,12,7
627,sb3_league,rational,N/A,N/A,J1,18,30,30,18,13,9,4
628,sb3_league,rational,N/A,N/A,J1,1,30,30,1,1,1,0
629,sb3_league,rational,N/A,N/A,J0,30,24,24,30,17,9,8
630,sb3_league,rational,N/A,N/A,J0,30,29,29,30,18,13,5
631,sb3_league,rational,N/A,N/A,J0,30,7,7,30,12,11,1
632,sb3_league,rational,N/A,N/A,J1,21,30,30,21,14,8,6
633,sb3_league,rational,N/A,N/A,J1,1,30,30,1,2,1,1
634,sb3_league,rational,N/A,N/A,J1,1,30,30,1,1,1,0
635,sb3_league,rational,N/A,N/A,J1,22,30,30,22,17,7,10
636,sb3_league,rational,N/A,N/A,J1,0,30,30,0,0,0,0
637,sb3_league,rational,N/A,N/A,J1,25,30,30,25,16,9,7
638,sb3_league,rational,N/A,N/A,J1,7,30,30,7,3,3,0
639,sb3_league,rational,N/A,N/A,J0,30,29,29,30,17,10,7
640,sb3_league,rational,N/A,N/A,J0,30,20,20,30,18,12,6
641,sb3_league,rational,N/A,N/A,J0,30,16,16,30,15,10,5
642,sb3_league,rational,N/A,N/A,J1,21,30,30,21,16,8,8
643,sb3_league,rational,N/A,N/A,J0,30,16,16,30,17,12,5
644,sb3_league,rational,N/A,N/A,J1,0,30,30,0,1,0,1
645,sb3_league,rational,N/A,N/A,J0,30,25,25,30,18,9,9
646,sb3_league,rational,N/A,N/A,J1,18,30,30,18,10,8,2
647,sb3_league,rational,N/A,N/A,J0,30,23,23,30,16,11,5
648,sb3_league,rational,N/A,N/A,J0,30,29,29,30,20,11,9
649,sb3_league,rational,N/A,N/A,J1,21,30,30,21,17,10,7
650,sb3_league,rational,N/A,N/A,J0,30,18,18,30,14,9,5
651,sb3_league,rational,N/A,N/A,J0,30,20,20,30,17,11,6
652,sb3_league,rational,N/A,N/A,J0,30,24,24,30,16,9,7
653,sb3_league,rational,N/A,N/A,J0,30,18,18,30,14,9,5
654,sb3_league,rational,N/A,N/A,J1,19,30,30,19,9,6,3
655,sb3_league,rational,N/A,N/A,J0,30,21,21,30,16,11,5
656,sb3_league,rational,N/A,N/A,J0,30,19,19,30,15,11,4
657,sb3_league,rational,N/A,N/A,J1,0,30,30,0,0,0,0
658,sb3_league,rational,N/A,N/A,J0,30,12,12,30,12,10,2
659,sb3_league,rational,N/A,N/A,J0,30,14,14,30,12,9,3
660,sb3_league,rational,N/A,N/A,J1,0,30,30,0,0,0,0
661,sb3_league,rational,N/A,N/A,J1,15,30,30,15,11,5,6
662,sb3_league,rational,N/A,N/A,J1,22,30,30,22,15,9,6
663,sb3_league,rational,N/A,N/A,J1,12,30,30,12,8,6,2
664,sb3_league,rational,N/A,N/A,J0,30,19,19,30,14,11,3
665,sb3_league,rational,N/A,N/A,J0,30,13,13,30,15,11,4
666,sb3_league,rational,N/A,N/A,J1,10,30,30,10,6,4,2
667,sb3_league,rational,N/A,N/A,J1,29,30,30,29,14,8,6
668,sb3_league,rational,N/A,N/A,J1,0,30,30,0,0,0,0
669,sb3_league,rational,N/A,N/A,J1,0,30,30,0,0,0,0
670,sb3_league,rational,N/A,N/A,J1,23,30,30,23,17,10,7
671,sb3_league,rational,N/A,N/A,J0,30,6,6,30,3,1,2
672,sb3_league,rational,N/A,N/A,J1,6,30,30,6,5,2,3
673,sb3_league,rational,N/A,N/A,J0,30,22,22,30,15,8,7
674,sb3_league,rational,N/A,N/A,J0,30,21,21,30,16,11,5
675,sb3_league,rational,N/A,N/A,J1,24,30,30,24,16,8,8
676,sb3_league,rational,N/A,N/A,J0,30,27,27,30,19,11,8
677,sb3_league,rational,N/A,N/A,J0,30,18,18,30,15,10,5
678,sb3_league,rational,N/A,N/A,J0,30,19,19,30,17,12,5
679,sb3_league,rational,N/A,N/A,J0,30,10,10,30,13,10,3
680,sb3_league,rational,N/A,N/A,J1,1,30,30,1,1,1,0
681,sb3_league,rational,N/A,N/A,J0,30,18,18,30,14,9,5
682,sb3_league,rational,N/A,N/A,J1,27,30,30,27,14,9,5
683,sb3_league,rational,N/A,N/A,J0,30,26,26,30,17,11,6
684,sb3_league,rational,N/A,N/A,J0,30,25,25,30,15,12,3
685,sb3_league,rational,N/A,N/A,J0,30,21,21,30,15,10,5
686,sb3_league,rational,N/A,N/A,J1,27,30,30,27,19,8,11
687,sb3_league,rational,N/A,N/A,J0,30,16,16,30,16,11,5
688,sb3_league,rational,N/A,N/A,J1,0,30,30,0,0,0,0
689,sb3_league,rational,N/A,N/A,J0,30,0,0,30,0,0,0
690,sb3_league,rational,N/A,N/A,J1,0,30,30,0,0,0,0
691,sb3_league,rational,N/A,N/A,J0,30,11,11,30,7,5,2
692,sb3_league,rational,N/A,N/A,J1,28,30,30,28,19,10,9
693,sb3_league,rational,N/A,N/A,J1,0,30,30,0,1,0,1
694,sb3_league,rational,N/A,N/A,J0,30,26,26,30,18,12,6
695,sb3_league,rational,N/A,N/A,J0,30,26,26,30,16,11,5
696,sb3_league,rational,N/A,N/A,J0,30,28,28,30,18,11,7
697,sb3_league,rational,N/A,N/A,J0,30,22,22,30,16,10,6
698,sb3_league,rational,N/A,N/A,J0,30,14,14,30,13,8,5
699,sb3_league,rational,N/A,N/A,J1,14,30,30,14,14,5,9
700,sb3_league,rational,N/A,N/A,J0,30,7,7,30,11,10,1
701,sb3_league,rational,N/A,N/A,J1,24,30,30,24,16,7,9
702,sb3_league,rational,N/A,N/A,J1,0,30,30,0,1,0,1
703,sb3_league,rational,N/A,N/A,J0,30,24,24,30,17,11,6
704,sb3_league,rational,N/A,N/A,J1,27,30,30,27,16,9,7
705,sb3_league,rational,N/A,N/A,J1,28,30,30,28,18,10,8
706,sb3_league,rational,N/A,N/A,J0,30,19,19,30,17,10,7
707,sb3_league,rational,N/A,N/A,J0,30,6,6,30,12,10,2
708,sb3_league,rational,N/A,N/A,J0,30,16,16,30,15,10,5
709,sb3_league,rational,N/A,N/A,J0,30,25,25,30,18,11,7
710,sb3_league,rational,N/A,N/A,J1,2,30,30,2,5,1,4
711,sb3_league,rational,N/A,N/A,J0,30,11,11,30,12,10,2
712,sb3_league,rational,N/A,N/A,J1,0,30,30,0,0,0,0
713,sb3_league,rational,N/A,N/A,J0,30,20,20,30,15,12,3
714,sb3_league,rational,N/A,N/A,J0,30,20,20,30,17,10,7
715,sb3_league,rational,N/A,N/A,J0,30,18,18,30,14,10,4
716,sb3_league,rational,N/A,N/A,J1,19,30,30,19,16,6,10
717,sb3_league,rational,N/A,N/A,J0,30,29,29,30,18,9,9
718,sb3_league,rational,N/A,N/A,J1,0,30,30,0,0,0,0
719,sb3_league,rational,N/A,N/A,J0,30,16,16,30,14,11,3
720,sb3_league,rational,N/A,N/A,J1,0,30,30,0,0,0,0
721,sb3_league,rational,N/A,N/A,J1,0,30,30,0,3,0,3
722,sb3_league,rational,N/A,N/A,J1,15,30,30,15,9,7,2
723,sb3_league,rational,N/A,N/A,J0,30,16,16,30,16,11,5
724,sb3_league,rational,N/A,N/A,J0,30,18,18,30,15,9,6
725,sb3_league,rational,N/A,N/A,J1,0,30,30,0,0,0,0
726,sb3_league,rational,N/A,N/A,J1,13,30,30,13,9,4,5
727,sb3_league,rational,N/A,N/A,J1,17,30,30,17,15,8,7
728,sb3_league,rational,N/A,N/A,J0,30,28,28,30,18,9,9
729,sb3_league,rational,N/A,N/A,J0,30,26,26,30,16,9,7
730,sb3_league,rational,N/A,N/A,J1,26,30,30,26,15,9,6
731,sb3_league,rational,N/A,N/A,J0,30,13,13,30,11,8,3
732,sb3_league,rational,N/A,N/A,J0,30,24,24,30,15,10,5
733,sb3_league,rational,N/A,N/A,J0,30,26,26,30,17,7,10
734,sb3_league,rational,N/A,N/A,J1,29,30,30,29,23,12,11
735,sb3_league,rational,N/A,N/A,J1,29,30,30,29,18,11,7
736,sb3_league,rational,N/A,N/A,J1,0,30,30,0,0,0,0
737,sb3_league,rational,N/A,N/A,J1,25,30,30,25,17,9,8
738,sb3_league,rational,N/A,N/A,J1,29,30,30,29,18,11,7
739,sb3_league,rational,N/A,N/A,J0,30,27,27,30,17,9,8
740,sb3_league,rational,N/A,N/A,J1,24,30,30,24,15,11,4
741,sb3_league,rational,N/A,N/A,J1,21,30,30,21,12,9,3
742,sb3_league,rational,N/A,N/A,J0,30,21,21,30,17,12,5
743,sb3_league,rational,N/A,N/A,J0,30,20,20,30,18,10,8
744,sb3_league,rational,N/A,N/A,J1,26,30,30,26,16,10,6
745,sb3_league,rational,N/A,N/A,J0,30,22,22,30,17,9,8
746,sb3_league,rational,N/A,N/A,J1,29,30,30,29,15,12,3
747,sb3_league,rational,N/A,N/A,J1,0,30,30,0,0,0,0
748,sb3_league,rational,N/A,N/A,J1,18,30,30,18,14,6,8
749,sb3_league,rational,N/A,N/A,J1,26,30,30,26,19,9,10
750,sb3_league,rational,N/A,N/A,J1,27,30,30,27,17,9,8
751,sb3_league,rational,N/A,N/A,J0,30,29,29,30,18,10,8
752,sb3_league,rational,N/A,N/A,J1,9,30,30,9,6,2,4
753,sb3_league,rational,N/A,N/A,J1,3,30,30,3,7,1,6
754,sb3_league,rational,N/A,N/A,J0,30,20,20,30,15,9,6
755,sb3_league,rational,N/A,N/A,J0,30,21,21,30,15,9,6
756,sb3_league,rational,N/A,N/A,J1,0,30,30,0,1,0,1
757,sb3_league,rational,N/A,N/A,J1,28,30,30,28,19,11,8
758,sb3_league,rational,N/A,N/A,J1,24,30,30,24,18,10,8
759,sb3_league,rational,N/A,N/A,J1,13,30,30,13,13,4,9
760,sb3_league,rational,N/A,N/A,J0,30,29,29,30,20,11,9
761,sb3_league,rational,N/A,N/A,J0,30,19,19,30,15,10,5
762,sb3_league,rational,N/A,N/A,J1,18,30,30,18,11,6,5
763,sb3_league,rational,N/A,N/A,J0,30,18,18,30,14,10,4
764,sb3_league,rational,N/A,N/A,J1,29,30,30,29,17,10,7
765,sb3_league,rational,N/A,N/A,J0,30,18,18,30,15,9,6
766,sb3_league,rational,N/A,N/A,J1,0,30,30,0,0,0,0
767,sb3_league,rational,N/A,N/A,J1,10,30,30,10,11,5,6
768,sb3_league,rational,N/A,N/A,J1,28,30,30,28,19,11,8
769,sb3_league,rational,N/A,N/A,J1,0,30,30,0,1,0,1
770,sb3_league,rational,N/A,N/A,J0,30,27,27,30,18,11,7
771,sb3_league,rational,N/A,N/A,J0,30,22,22,30,17,12,5
772,sb3_league,rational,N/A,N/A,J0,30,18,18,30,15,9,6
773,sb3_league,rational,N/A,N/A,J1,27,30,30,27,19,12,7
774,sb3_league,rational,N/A,N/A,J0,30,28,28,30,17,7,10
775,sb3_league,rational,N/A,N/A,J0,30,26,26,30,17,9,8
776,sb3_league,rational,N/A,N/A,J1,26,30,30,26,15,9,6
777,sb3_league,rational,N/A,N/A,J0,30,13,13,30,14,10,4
778,sb3_league,rational,N/A,N/A,J1,28,30,30,28,16,11,5
779,sb3_league,rational,N/A,N/A,J1,16,30,30,16,14,6,8
780,sb3_league,rational,N/A,N/A,J0,30,28,28,30,19,9,10
781,sb3_league,rational,N/A,N/A,J1,0,30,30,0,1,0,1
782,sb3_league,rational,N/A,N/A,J1,24,30,30,24,17,8,9
783,sb3_league,rational,N/A,N/A,J0,30,20,20,30,18,10,8
784,sb3_league,rational,N/A,N/A,J0,30,16,16,30,14,8,6
785,sb3_league,rational,N/A,N/A,J1,0,30,30,0,1,0,1
786,sb3_league,rational,N/A,N/A,J0,30,28,28,30,18,8,10
787,sb3_league,rational,N/A,N/A,J1,19,30,30,19,17,6,11
788,sb3_league,rational,N/A,N/A,J1,13,30,30,13,13,5,8
789,sb3_league,rational,N/A,N/A,J0,30,27,27,30,15,10,5
790,sb3_league,rational,N/A,N/A,J1,14,30,30,14,8,6,2
791,sb3_league,rational,N/A,N/A,J1,5,30,30,5,11,2,9
792,sb3_league,rational,N/A,N/A,J0,30,14,14,30,16,11,5
793,sb3_league,rational,N/A,N/A,J1,14,30,30,14,8,5,3
794,sb3_league,rational,N/A,N/A,J0,30,27,27,30,16,10,6
795,sb3_league,rational,N/A,N/A,J0,30,23,23,30,15,8,7
796,sb3_league,rational,N/A,N/A,J1,27,30,30,27,12,8,4
797,sb3_league,rational,N/A,N/A,J1,19,30,30,19,15,6,9
798,sb3_league,rational,N/A,N/A,J0,30,15,15,30,15,10,5
799,sb3_league,rational,N/A,N/A,J0,30,16,16,30,15,10,5
800,sb3_league,rational,N/A,N/A,J1,28,30,30,28,17,10,7
801,sb3_league,rational,N/A,N/A,J0,30,23,23,30,17,11,6
802,sb3_league,rational,N/A,N/A,J0,30,28,28,30,17,9,8
803,sb3_league,rational,N/A,N/A,J1,29,30,30,29,17,7,10
804,sb3_league,rational,N/A,N/A,J0,30,27,27,30,17,9,8
805,sb3_league,rational,N/A,N/A,J0,30,25,25,30,15,8,7
806,sb3_league,rational,N/A,N/A,J0,30,22,22,30,17,10,7
807,sb3_league,rational,N/A,N/A,J0,30,10,10,30,13,10,3
808,sb3_league,rational,N/A,N/A,J0,30,28,28,30,17,10,7
809,sb3_league,rational,N/A,N/A,J0,30,18,18,30,16,11,5
810,sb3_league,rational,N/A,N/A,J0,30,16,16,30,15,10,5
811,sb3_league,rational,N/A,N/A,J0,30,12,12,30,10,6,4
812,sb3_league,rational,N/A,N/A,J1,10,30,30,10,12,4,8
813,sb3_league,rational,N/A,N/A,J1,16,30,30,16,12,4,8
814,sb3_league,rational,N/A,N/A,J0,30,22,22,30,16,11,5
815,sb3_league,rational,N/A,N/A,J1,25,30,30,25,16,8,8
816,sb3_league,rational,N/A,N/A,J1,25,30,30,25,16,10,6
817,sb3_league,rational,N/A,N/A,J1,19,30,30,19,17,5,12
818,sb3_league,rational,N/A,N/A,J1,0,30,30,0,0,0,0
819,sb3_league,rational,N/A,N/A,J0,30,18,18,30,14,11,3
820,sb3_league,rational,N/A,N/A,J0,30,28,28,30,16,8,8
821,sb3_league,rational,N/A,N/A,J0,30,25,25,30,18,10,8
822,sb3_league,rational,N/A,N/A,J1,16,30,30,16,12,5,7
823,sb3_league,rational,N/A,N/A,J1,26,30,30,26,18,9,9
824,sb3_league,rational,N/A,N/A,J0,30,23,23,30,17,11,6
825,sb3_league,rational,N/A,N/A,J1,29,30,30,29,16,9,7
826,sb3_league,rational,N/A,N/A,J0,30,20,20,30,17,8,9
827,sb3_league,rational,N/A,N/A,J1,22,30,30,22,17,8,9
828,sb3_league,rational,N/A,N/A,J1,25,30,30,25,14,8,6
829,sb3_league,rational,N/A,N/A,J1,0,30,30,0,0,0,0
830,sb3_league,rational,N/A,N/A,J1,2,30,30,2,1,0,1
831,sb3_league,rational,N/A,N/A,J1,24,30,30,24,12,9,3
832,sb3_league,rational,N/A,N/A,J0,30,24,24,30,17,10,7
833,sb3_league,rational,N/A,N/A,J0,30,20,20,30,16,10,6
834,sb3_league,rational,N/A,N/A,J0,30,26,26,30,17,10,7
835,sb3_league,rational,N/A,N/A,J0,30,27,27,30,20,12,8
836,sb3_league,rational,N/A,N/A,J0,30,28,28,30,18,10,8
837,sb3_league,rational,N/A,N/A,J1,20,30,30,20,15,8,7
838,sb3_league,rational,N/A,N/A,J0,30,26,26,30,13,8,5
839,sb3_league,rational,N/A,N/A,J0,30,25,25,30,12,10,2
840,sb3_league,rational,N/A,N/A,J0,30,15,15,30,14,12,2
841,sb3_league,rational,N/A,N/A,J1,28,30,30,28,19,11,8
842,sb3_league,rational,N/A,N/A,J1,21,30,30,21,17,8,9
843,sb3_league,rational,N/A,N/A,J1,25,30,30,25,19,10,9
844,sb3_league,rational,N/A,N/A,J0,30,24,24,30,16,10,6
845,sb3_league,rational,N/A,N/A,J1,5,30,30,5,8,3,5
846,sb3_league,rational,N/A,N/A,J0,30,18,18,30,15,11,4
847,sb3_league,rational,N/A,N/A,J0,30,19,19,30,15,10,5
848,sb3_league,rational,N/A,N/A,J0,30,26,26,30,17,11,6
849,sb3_league,rational,N/A,N/A,J0,30,24,24,30,18,12,6
850,sb3_league,rational,N/A,N/A,J0,30,26,26,30,18,10,8
851,sb3_league,rational,N/A,N/A,J0,30,2,2,30,1,0,1
852,sb3_league,rational,N/A,N/A,J0,30,27,27,30,16,10,6
853,sb3_league,rational,N/A,N/A,J0,30,16,16,30,14,9,5
854,sb3_league,rational,N/A,N/A,J0,30,8,8,30,3,0,3
855,sb3_league,rational,N/A,N/A,J0,30,22,22,30,16,11,5
856,sb3_league,rational,N/A,N/A,J0,30,14,14,30,13,9,4
857,sb3_league,rational,N/A,N/A,J0,30,14,14,30,13,9,4
858,sb3_league,rational,N/A,N/A,J1,13,30,30,13,12,4,8
859,sb3_league,rational,N/A,N/A,J1,16,30,30,16,14,8,6
860,sb3_league,rational,N/A,N/A,J1,25,30,30,25,15,8,7
861,sb3_league,rational,N/A,N/A,J0,30,25,25,30,18,8,10
862,sb3_league,rational,N/A,N/A,J0,30,4,4,30,3,2,1
863,sb3_league,rational,N/A,N/A,J1,9,30,30,9,13,4,9
864,sb3_league,rational,N/A,N/A,J0,30,22,22,30,16,10,6
865,sb3_league,rational,N/A,N/A,J0,30,24,24,30,18,11,7
866,sb3_league,rational,N/A,N/A,J1,26,30,30,26,19,11,8
867,sb3_league,rational,N/A,N/A,J1,20,30,30,20,15,5,10
868,sb3_league,rational,N/A,N/A,J1,26,30,30,26,20,9,11
869,sb3_league,rational,N/A,N/A,J0,30,28,28,30,17,10,7
870,sb3_league,rational,N/A,N/A,J0,30,20,20,30,16,10,6
871,sb3_league,rational,N/A,N/A,J1,1,30,30,1,1,0,1
872,sb3_league,rational,N/A,N/A,J0,30,16,16,30,14,9,5
873,sb3_league,rational,N/A,N/A,J1,0,30,30,0,0,0,0
874,sb3_league,rational,N/A,N/A,J0,30,25,25,30,15,9,6
875,sb3_league,rational,N/A,N/A,J1,18,30,30,18,13,7,6
876,sb3_league,rational,N/A,N/A,J0,30,22,22,30,17,9,8
877,sb3_league,rational,N/A,N/A,J1,23,30,30,23,16,9,7
878,sb3_league,rational,N/A,N/A,J1,15,30,30,15,10,5,5
879,sb3_league,rational,N/A,N/A,J0,30,22,22,30,18,11,7
880,sb3_league,rational,N/A,N/A,J1,3,30,30,3,4,1,3
881,sb3_league,rational,N/A,N/A,J0,30,10,10,30,12,9,3
882,sb3_league,rational,N/A,N/A,J0,30,0,0,30,0,0,0
883,sb3_league,rational,N/A,N/A,J1,17,30,30,17,13,7,6
884,sb3_league,rational,N/A,N/A,J0,30,27,27,30,16,9,7
885,sb3_league,rational,N/A,N/A,J0,30,21,21,30,16,10,6
886,sb3_league,rational,N/A,N/A,J0,30,14,14,30,14,9,5
887,sb3_league,rational,N/A,N/A,J1,0,30,30,0,0,0,0
888,sb3_league,rational,N/A,N/A,J1,28,30,30,28,18,10,8
889,sb3_league,rational,N/A,N/A,J1,0,30,30,0,2,0,2
890,sb3_league,rational,N/A,N/A,J1,0,30,30,0,1,0,1
891,sb3_league,rational,N/A,N/A,J1,24,30,30,24,17,8,9
892,sb3_league,rational,N/A,N/A,J0,30,6,6,30,2,0,2
893,sb3_league,rational,N/A,N/A,J1,21,30,30,21,18,9,9
894,sb3_league,rational,N/A,N/A,J0,30,12,12,30,14,13,1
895,sb3_league,rational,N/A,N/A,J0,30,16,16,30,15,11,4
896,sb3_league,rational,N/A,N/A,J1,0,30,30,0,0,0,0
897,sb3_league,rational,N/A,N/A,J0,30,20,20,30,15,12,3
898,sb3_league,rational,N/A,N/A,J0,30,18,18,30,16,9,7
899,sb3_league,rational,N/A,N/A,J1,0,30,30,0,0,0,0
900,sb3_league,rational,N/A,N/A,J0,30,26,26,30,16,10,6
901,sb3_league,rational,N/A,N/A,J1,21,30,30,21,11,8,3
902,sb3_league,rational,N/A,N/A,J1,20,30,30,20,16,10,6
903,sb3_league,rational,N/A,N/A,J1,22,30,30,22,16,8,8
904,sb3_league,rational,N/A,N/A,J1,25,30,30,25,18,10,8
905,sb3_league,rational,N/A,N/A,J1,11,30,30,11,9,5,4
906,sb3_league,rational,N/A,N/A,J0,30,19,19,30,16,11,5
907,sb3_league,rational,N/A,N/A,J1,22,30,30,22,14,6,8
908,sb3_league,rational,N/A,N/A,J0,30,17,17,30,14,8,6
909,sb3_league,rational,N/A,N/A,J0,30,10,10,30,12,8,4
910,sb3_league,rational,N/A,N/A,J0,30,26,26,30,18,9,9
911,sb3_league,rational,N/A,N/A,J1,0,30,30,0,0,0,0
912,sb3_league,rational,N/A,N/A,J0,30,29,29,30,18,10,8
913,sb3_league,rational,N/A,N/A,J0,30,18,18,30,15,11,4
914,sb3_league,rational,N/A,N/A,J0,30,18,18,30,13,11,2
915,sb3_league,rational,N/A,N/A,J1,0,30,30,0,0,0,0
916,sb3_league,rational,N/A,N/A,J1,14,30,30,14,11,4,7
917,sb3_league,rational,N/A,N/A,J0,30,14,14,30,14,10,4
918,sb3_league,rational,N/A,N/A,J0,30,22,22,30,18,9,9
919,sb3_league,rational,N/A,N/A,J1,25,30,30,25,16,9,7
920,sb3_league,rational,N/A,N/A,J1,19,30,30,19,17,8,9
921,sb3_league,rational,N/A,N/A,J1,0,30,30,0,0,0,0
922,sb3_league,rational,N/A,N/A,J1,25,30,30,25,15,9,6
923,sb3_league,rational,N/A,N/A,J0,30,20,20,30,18,11,7
924,sb3_league,rational,N/A,N/A,J0,30,0,0,30,12,12,0
925,sb3_league,rational,N/A,N/A,J1,11,30,30,11,11,4,7
926,sb3_league,rational,N/A,N/A,J0,30,12,12,30,15,9,6
927,sb3_league,rational,N/A,N/A,J1,0,30,30,0,1,0,1
928,sb3_league,rational,N/A,N/A,J1,17,30,30,17,13,8,5
929,sb3_league,rational,N/A,N/A,J0,30,25,25,30,13,10,3
930,sb3_league,rational,N/A,N/A,J1,23,30,30,23,17,9,8
931,sb3_league,rational,N/A,N/A,J0,30,27,27,30,17,9,8
932,sb3_league,rational,N/A,N/A,J0,30,21,21,30,16,11,5
933,sb3_league,rational,N/A,N/A,J1,23,30,30,23,18,9,9
934,sb3_league,rational,N/A,N/A,J0,30,24,24,30,15,9,6
935,sb3_league,rational,N/A,N/A,J1,9,30,30,9,7,4,3
936,sb3_league,rational,N/A,N/A,J1,26,30,30,26,14,11,3
937,sb3_league,rational,N/A,N/A,J0,30,24,24,30,12,9,3
938,sb3_league,rational,N/A,N/A,J0,30,2,2,30,1,0,1
939,sb3_league,rational,N/A,N/A,J1,0,30,30,0,1,0,1
940,sb3_league,rational,N/A,N/A,J1,28,30,30,28,19,9,10
941,sb3_league,rational,N/A,N/A,J1,0,30,30,0,0,0,0
942,sb3_league,rational,N/A,N/A,J0,30,29,29,30,15,9,6
943,sb3_league,rational,N/A,N/A,J1,21,30,30,21,16,9,7
944,sb3_league,rational,N/A,N/A,J0,30,25,25,30,15,10,5
945,sb3_league,rational,N/A,N/A,J0,30,23,23,30,16,10,6
946,sb3_league,rational,N/A,N/A,J1,0,30,30,0,0,0,0
947,sb3_league,rational,N/A,N/A,J1,26,30,30,26,20,10,10
948,sb3_league,rational,N/A,N/A,J1,0,30,30,0,0,0,0
949,sb3_league,rational,N/A,N/A,J1,29,30,30,29,20,11,9
950,sb3_league,rational,N/A,N/A,J1,0,30,30,0,0,0,0
951,sb3_league,rational,N/A,N/A,J0,30,24,24,30,17,11,6
952,sb3_league,rational,N/A,N/A,J0,30,29,29,30,20,11,9
953,sb3_league,rational,N/A,N/A,J0,30,0,0,30,0,0,0
954,sb3_league,rational,N/A,N/A,J0,30,28,28,30,18,9,9
955,sb3_league,rational,N/A,N/A,J1,10,30,30,10,8,5,3
956,sb3_league,rational,N/A,N/A,J0,30,21,21,30,15,11,4
957,sb3_league,rational,N/A,N/A,J0,30,24,24,30,18,10,8
958,sb3_league,rational,N/A,N/A,J1,12,30,30,12,15,5,10
959,sb3_league,rational,N/A,N/A,J1,22,30,30,22,16,9,7
960,sb3_league,rational,N/A,N/A,J1,1,30,30,1,1,1,0
961,sb3_league,rational,N/A,N/A,J0,30,12,12,30,14,10,4
962,sb3_league,rational,N/A,N/A,J1,0,30,30,0,0,0,0
963,sb3_league,rational,N/A,N/A,J1,26,30,30,26,15,10,5
964,sb3_league,rational,N/A,N/A,J1,21,30,30,21,17,8,9
965,sb3_league,rational,N/A,N/A,J0,30,8,8,30,13,10,3
966,sb3_league,rational,N/A,N/A,J1,24,30,30,24,16,9,7
967,sb3_league,rational,N/A,N/A,J1,0,30,30,0,0,0,0
968,sb3_league,rational,N/A,N/A,J0,30,28,28,30,16,9,7
969,sb3_league,rational,N/A,N/A,J0,30,17,17,30,14,11,3
970,sb3_league,rational,N/A,N/A,J0,30,18,18,30,15,10,5
971,sb3_league,rational,N/A,N/A,J0,30,0,0,30,1,1,0
972,sb3_league,rational,N/A,N/A,J1,27,30,30,27,16,7,9
973,sb3_league,rational,N/A,N/A,J0,30,26,26,30,17,10,7
974,sb3_league,rational,N/A,N/A,J0,30,22,22,30,16,10,6
975,sb3_league,rational,N/A,N/A,J0,30,20,20,30,17,12,5
976,sb3_league,rational,N/A,N/A,J0,30,0,0,30,0,0,0
977,sb3_league,rational,N/A,N/A,J1,0,30,30,0,0,0,0
978,sb3_league,rational,N/A,N/A,J1,0,30,30,0,0,0,0
979,sb3_league,rational,N/A,N/A,J0,30,0,0,30,0,0,0
980,sb3_league,rational,N/A,N/A,J0,30,14,14,30,13,8,5
981,sb3_league,rational,N/A,N/A,J0,30,28,28,30,16,10,6
982,sb3_league,rational,N/A,N/A,J0,30,23,23,30,17,10,7
983,sb3_league,rational,N/A,N/A,J0,30,28,28,30,19,9,10
984,sb3_league,rational,N/A,N/A,J1,12,30,30,12,13,5,8
985,sb3_league,rational,N/A,N/A,J1,29,30,30,29,17,10,7
986,sb3_league,rational,N/A,N/A,J0,30,27,27,30,17,12,5
987,sb3_league,rational,N/A,N/A,J0,30,14,14,30,13,7,6
988,sb3_league,rational,N/A,N/A,J1,25,30,30,25,15,9,6
989,sb3_league,rational,N/A,N/A,J1,18,30,30,18,11,6,5
990,sb3_league,rational,N/A,N/A,J1,0,30,30,0,0,0,0
991,sb3_league,rational,N/A,N/A,J1,7,30,30,7,11,3,8
992,sb3_league,rational,N/A,N/A,J1,0,30,30,0,0,0,0
993,sb3_league,rational,N/A,N/A,J0,30,22,22,30,17,11,6
994,sb3_league,rational,N/A,N/A,J0,30,29,29,30,12,9,3
995,sb3_league,rational,N/A,N/A,J0,30,12,12,30,13,8,5
996,sb3_league,rational,N/A,N/A,J0,30,22,22,30,17,10,7
997,sb3_league,rational,N/A,N/A,J0,30,12,12,30,13,10,3
998,sb3_league,rational,N/A,N/A,J0,30,26,26,30,19,10,9
999,sb3_league,rational,N/A,N/A,J0,30,17,17,30,15,9,6
1000,sb3_league,rational,N/A,N/A,J1,19,30,30,19,14,8,6
